[{"model": "about.member", "pk": 1, "fields": {"japanese_name": "\u8fbb\u672c \u7d43\u592a\u6717", "english_name": "Tsujimoto Gentarou", "part": "Guitar, Vocal", "copy": "\u3068\u306b\u304b\u304f\u5148\u306b\u9032\u3080\u3057\u304b\u306a\u3044\uff01", "japanese_description": "mosquitone \u306e\u5275\u8a2d\u8005\u306b\u3057\u3066\u6211\u3005\u306e\u5e0c\u671b", "english_description": "mosquitone founder and our hope", "avator": 3, "icon": 2, "priority": 100, "twitter": null, "facebook": null, "instagram": "https://www.instagram.com/gentaro.0827/"}}, {"model": "about.member", "pk": 2, "fields": {"japanese_name": "\u5bae\u5d0e\u771f\u6607", "english_name": "Masanori Miyazaki", "part": "Bass Guitar, Camera", "copy": "\u3084\u3070\u3070\u3070", "japanese_description": "\u6211\u3005\u306e\u502b\u7406\u30fb\u826f\u5fc3", "english_description": "Our conscience, ethics", "avator": 5, "icon": 4, "priority": 110, "twitter": null, "facebook": null, "instagram": null}}, {"model": "about.member", "pk": 3, "fields": {"japanese_name": "\u5185\u6d77 \u529b", "english_name": "Chikara Utsumi", "part": "Guitar, Vocal", "copy": "\u3042\u3063\u3071", "japanese_description": "\u6211\u3005\u306e\u529b", "english_description": "Our Power", "avator": 7, "icon": 6, "priority": 120, "twitter": null, "facebook": null, "instagram": null}}, {"model": "about.member", "pk": 4, "fields": {"japanese_name": "\u5c71\u4e0b \u88d5\u8f14", "english_name": "Yuusuke Yamashita", "part": "Drums", "copy": "Chinchin", "japanese_description": "\u6211\u3005\u306e\u5c71\u4e0b", "english_description": "Our yamashita", "avator": 9, "icon": 8, "priority": 130, "twitter": null, "facebook": null, "instagram": null}}, {"model": "about.history", "pk": 1, "fields": {"summary": "\u7d43\u592a\u6717\u3055\u3093\u304c\u30d0\u30f3\u30c9\u6d3b\u52d5\u3092\u59cb\u3081\u308b", "date": "2018-03-01", "text": "\u7d43\u592a\u6717\u3055\u3093\u304c\u30d0\u30f3\u30c9\u6d3b\u52d5\u3092\u59cb\u3081\u308b", "by": 1}}, {"model": "about.history", "pk": 2, "fields": {"summary": "\u5c71\u4e0b\u304c\u7d43\u592a\u6717\u306b\u8a98\u308f\u308c\u4e00\u7dd2\u306b\u30d0\u30f3\u30c9\u6d3b\u52d5\u3092\u958b\u59cb", "date": "2018-04-01", "text": "\u5c71\u4e0b\u304c\u7d43\u592a\u6717\u306b\u8a98\u308f\u308c\u4e00\u7dd2\u306b\u30d0\u30f3\u30c9\u6d3b\u52d5\u3092\u958b\u59cb", "by": 4}}, {"model": "about.history", "pk": 3, "fields": {"summary": "\u5bae\u5d0e\u3055\u3093\u304c\u7d43\u592a\u90ce\u3055\u3093\u306b\u8a98\u308f\u308c2\u4eba\u306b\u5408\u6d41", "date": "2018-07-31", "text": "\u5bae\u5d0e\u3055\u3093\u304c\u7d43\u592a\u90ce\u3055\u3093\u306b\u8a98\u308f\u308c2\u4eba\u306b\u5408\u6d41", "by": 2}}, {"model": "about.history", "pk": 4, "fields": {"summary": "\u529b\u3055\u3093\u304c\u7d43\u592a\u90ce\u3055\u3093\u306b\u8a98\u308f\u308c3\u4eba\u306b\u5408\u6d41", "date": "2019-09-01", "text": "\u529b\u3055\u3093\u304c\u7d43\u592a\u90ce\u3055\u3093\u306b\u8a98\u308f\u308c3\u4eba\u306b\u5408\u6d41", "by": 3}}, {"model": "about.history", "pk": 5, "fields": {"summary": "\u30d0\u30f3\u30c9\u540d\u3092 mosquitone \u3068\u3057\u3066\u6d3b\u52d5\u958b\u59cb", "date": "2018-10-01", "text": "\u30d0\u30f3\u30c9\u540d\u3092 mosquitone \u3068\u3057\u3066\u6d3b\u52d5\u958b\u59cb", "by": null}}, {"model": "about.history", "pk": 6, "fields": {"summary": "\u30aa\u30d5\u30a3\u30b7\u30e3\u30eb\u30b5\u30a4\u30c8\u3092\u516c\u958b", "date": "2019-08-10", "text": "\u30aa\u30d5\u30a3\u30b7\u30e3\u30eb\u30b5\u30a4\u30c8\u3092\u516c\u958b", "by": null}}, {"model": "news.newspagetag", "pk": 1, "fields": {"tag": 7, "content_object": 12}}, {"model": "contact.sorcialnetworkaccount", "pk": 1, "fields": {"sns_name": "Twitter", "sns_icon_name": "twitter", "account_name": "@mosquitone_info", "account_url": "https://twitter.com/mosquitone_info", "description": "\u30e9\u30a4\u30d6\u306a\u3069 mosquitone \u306e\u6d3b\u52d5\u3092\u3064\u3076\u3084\u304d\u307e\u3059", "priority": 100}}, {"model": "contact.sorcialnetworkaccount", "pk": 2, "fields": {"sns_name": "Instagram", "sns_icon_name": "instagram", "account_name": "@mosquitone_band", "account_url": "https://www.instagram.com/mosquitone_band/", "description": "mosquitone \u306e\u30e9\u30a4\u30d6\u30fb\u65e5\u5e38\u306e\u5199\u771f\u30fb\u52d5\u753b\u3092\u6295\u7a3f\u3057\u307e\u3059", "priority": 110}}, {"model": "contact.sorcialnetworkaccount", "pk": 3, "fields": {"sns_name": "Youtube", "sns_icon_name": "youtube", "account_name": "mosquitone", "account_url": "https://www.youtube.com/channel/UCkGHjxTGURpNC6kCpwscKyg?view_as=subscriber", "description": "mosquitone \u306e\u30e9\u30a4\u30d6\u306a\u3069\u306e\u52d5\u753b\u3092\u30a2\u30c3\u30d7\u30ed\u30fc\u30c9\u3057\u307e\u3059", "priority": 120}}, {"model": "music.musictrack", "pk": 1, "fields": {"sort_order": 0, "page": 11, "title": "My sadness", "duration": "00:04:00"}}, {"model": "music.musictrack", "pk": 2, "fields": {"sort_order": 1, "page": 11, "title": "Keep going forward", "duration": "00:03:50"}}, {"model": "tours.location", "pk": 1, "fields": {"name": "\u30d2\u30bd\u30df\u30cd", "description": "\u30d2\u30bd\u30df\u30cd\u5927\u5bae", "url": "http://www.hisomine.com"}}, {"model": "tours.show", "pk": 1, "fields": {"title": "fluctuate@\u30d2\u30bd\u30df\u30cd\u5927\u5bae", "subtitle": "Open 17:30, Start: 18:00", "date": "2019-09-14", "location": 1, "description": "\u5927\u5bae\u30d2\u30bd\u30df\u30cd\u69d8\u3067\u30e9\u30a4\u30d6!", "information": "http://www.hisomine.com/schedules/view/2681"}}, {"model": "wagtailimages.rendition", "pk": 1, "fields": {"filter_spec": "max-165x165", "file": "images/mosquitone.max-165x165.jpg", "width": 165, "height": 165, "focal_point_key": "", "image": 1}}, {"model": "wagtailimages.rendition", "pk": 2, "fields": {"filter_spec": "max-400x400", "file": "images/mosquitone.max-400x400.jpg", "width": 400, "height": 400, "focal_point_key": "", "image": 1}}, {"model": "wagtailimages.rendition", "pk": 3, "fields": {"filter_spec": "max-165x165", "file": "images/gentarou.max-165x165.jpg", "width": 165, "height": 156, "focal_point_key": "", "image": 2}}, {"model": "wagtailimages.rendition", "pk": 4, "fields": {"filter_spec": "max-165x165", "file": "images/gentarou-icon.max-165x165.png", "width": 154, "height": 165, "focal_point_key": "", "image": 3}}, {"model": "wagtailimages.rendition", "pk": 5, "fields": {"filter_spec": "max-165x165", "file": "images/miyazaki.max-165x165.jpg", "width": 162, "height": 165, "focal_point_key": "", "image": 4}}, {"model": "wagtailimages.rendition", "pk": 6, "fields": {"filter_spec": "max-165x165", "file": "images/miyazaki-avator.max-165x165.png", "width": 151, "height": 165, "focal_point_key": "", "image": 5}}, {"model": "wagtailimages.rendition", "pk": 7, "fields": {"filter_spec": "max-165x165", "file": "images/animated.max-165x165.png", "width": 165, "height": 165, "focal_point_key": "", "image": 6}}, {"model": "wagtailimages.rendition", "pk": 8, "fields": {"filter_spec": "max-165x165", "file": "images/chikara-avator.max-165x165.png", "width": 165, "height": 153, "focal_point_key": "", "image": 7}}, {"model": "wagtailimages.rendition", "pk": 9, "fields": {"filter_spec": "max-165x165", "file": "images/yamashita.max-165x165.png", "width": 165, "height": 155, "focal_point_key": "", "image": 8}}, {"model": "wagtailimages.rendition", "pk": 10, "fields": {"filter_spec": "max-165x165", "file": "images/yamashita-avator.max-165x165.png", "width": 163, "height": 165, "focal_point_key": "", "image": 9}}, {"model": "wagtailimages.rendition", "pk": 11, "fields": {"filter_spec": "max-100x100", "file": "images/gentarou-icon.max-100x100.png", "width": 93, "height": 100, "focal_point_key": "", "image": 3}}, {"model": "wagtailimages.rendition", "pk": 12, "fields": {"filter_spec": "max-100x100", "file": "images/yamashita-avator.max-100x100.png", "width": 98, "height": 100, "focal_point_key": "", "image": 9}}, {"model": "wagtailimages.rendition", "pk": 13, "fields": {"filter_spec": "max-100x100", "file": "images/miyazaki-avator.max-100x100.png", "width": 91, "height": 100, "focal_point_key": "", "image": 5}}, {"model": "wagtailimages.rendition", "pk": 14, "fields": {"filter_spec": "max-100x100", "file": "images/chikara-avator.max-100x100.png", "width": 100, "height": 92, "focal_point_key": "", "image": 7}}, {"model": "wagtailimages.rendition", "pk": 15, "fields": {"filter_spec": "max-200x200", "file": "images/gentarou.max-200x200.jpg", "width": 200, "height": 189, "focal_point_key": "", "image": 2}}, {"model": "wagtailimages.rendition", "pk": 16, "fields": {"filter_spec": "max-200x200", "file": "images/miyazaki.max-200x200.jpg", "width": 197, "height": 200, "focal_point_key": "", "image": 4}}, {"model": "wagtailimages.rendition", "pk": 17, "fields": {"filter_spec": "max-200x200", "file": "images/animated.max-200x200.png", "width": 200, "height": 200, "focal_point_key": "", "image": 6}}, {"model": "wagtailimages.rendition", "pk": 18, "fields": {"filter_spec": "max-200x200", "file": "images/yamashita.max-200x200.png", "width": 200, "height": 188, "focal_point_key": "", "image": 8}}, {"model": "wagtailimages.rendition", "pk": 19, "fields": {"filter_spec": "max-165x165", "file": "images/500x500.max-165x165.png", "width": 165, "height": 165, "focal_point_key": "", "image": 10}}, {"model": "wagtailimages.rendition", "pk": 20, "fields": {"filter_spec": "max-300x300", "file": "images/500x500.max-300x300.png", "width": 300, "height": 300, "focal_point_key": "", "image": 10}}, {"model": "wagtailcore.site", "fields": {"hostname": "localhost", "port": 8000, "site_name": "mosquitone Official Site", "root_page": 3, "is_default_site": true}}, {"model": "wagtailcore.collection", "pk": 1, "fields": {"path": "0001", "depth": 1, "numchild": 0, "name": "Root"}}, {"model": "taggit.tag", "pk": 1, "fields": {"name": "\u30a2\u30fc\u5199", "slug": "axie"}}, {"model": "taggit.tag", "pk": 2, "fields": {"name": "\u7d43\u592a\u6717\u3055\u3093", "slug": "xian-tai-lang-san"}}, {"model": "taggit.tag", "pk": 3, "fields": {"name": "\u5bae\u5d0e\u3055\u3093", "slug": "gong-qi-san"}}, {"model": "taggit.tag", "pk": 4, "fields": {"name": "\u529b\u3055\u3093", "slug": "li-san"}}, {"model": "taggit.tag", "pk": 5, "fields": {"name": "\u5c71\u4e0b", "slug": "shan-xia"}}, {"model": "taggit.tag", "pk": 6, "fields": {"name": "music", "slug": "music"}}, {"model": "taggit.tag", "pk": 7, "fields": {"name": "site", "slug": "site"}}, {"model": "taggit.taggeditem", "pk": 1, "fields": {"tag": 1, "content_type": 2, "object_id": 1}}, {"model": "taggit.taggeditem", "pk": 2, "fields": {"tag": 2, "content_type": 2, "object_id": 3}}, {"model": "taggit.taggeditem", "pk": 3, "fields": {"tag": 3, "content_type": 2, "object_id": 4}}, {"model": "taggit.taggeditem", "pk": 4, "fields": {"tag": 3, "content_type": 2, "object_id": 5}}, {"model": "taggit.taggeditem", "pk": 5, "fields": {"tag": 4, "content_type": 2, "object_id": 6}}, {"model": "taggit.taggeditem", "pk": 6, "fields": {"tag": 4, "content_type": 2, "object_id": 7}}, {"model": "taggit.taggeditem", "pk": 7, "fields": {"tag": 5, "content_type": 2, "object_id": 8}}, {"model": "taggit.taggeditem", "pk": 8, "fields": {"tag": 5, "content_type": 2, "object_id": 9}}, {"model": "taggit.taggeditem", "pk": 9, "fields": {"tag": 6, "content_type": 2, "object_id": 10}}, {"model": "auth.group", "fields": {"name": "Moderators", "permissions": [4, 5, 6, 7, 1, 2, 3]}}, {"model": "auth.group", "fields": {"name": "Editors", "permissions": [4, 5, 6, 7, 1, 2, 3]}}, {"model": "auth.user", "fields": {"password": "pbkdf2_sha256$150000$CvMbqRXSZeoE$VJaDbvIokjWt5esWKj7Ko65Ss9gYK9J7biL0G6pK2xo=", "last_login": "2019-08-09T16:24:11.439Z", "is_superuser": true, "username": "yyamashita", "first_name": "", "last_name": "", "email": "", "is_staff": true, "is_active": true, "date_joined": "2019-08-09T16:22:13.779Z", "groups": [], "user_permissions": []}}, {"model": "sessions.session", "pk": "krhdi76vjopyl6z4g89vvz42fj9j7jv9", "fields": {"session_data": "MTVjODk3MmQ3MGEyNDdlZWVhZDE1YTExMDY1ZTM0MThkMzZkNDAzMDp7Il9hdXRoX3VzZXJfaWQiOiIxIiwiX2F1dGhfdXNlcl9iYWNrZW5kIjoiZGphbmdvLmNvbnRyaWIuYXV0aC5iYWNrZW5kcy5Nb2RlbEJhY2tlbmQiLCJfYXV0aF91c2VyX2hhc2giOiI0MTQ0OGY2YzRjNDk2ZTRlMDIwMWNlYjQ2ZTYxM2NkMzE5MTIzMjQ4In0=", "expire_date": "2019-08-23T16:24:11.446Z"}}, {"model": "wagtailcore.grouppagepermission", "pk": 1, "fields": {"group": 1, "page": 1, "permission_type": "add"}}, {"model": "wagtailcore.grouppagepermission", "pk": 2, "fields": {"group": 1, "page": 1, "permission_type": "edit"}}, {"model": "wagtailcore.grouppagepermission", "pk": 3, "fields": {"group": 1, "page": 1, "permission_type": "publish"}}, {"model": "wagtailcore.grouppagepermission", "pk": 4, "fields": {"group": 2, "page": 1, "permission_type": "add"}}, {"model": "wagtailcore.grouppagepermission", "pk": 5, "fields": {"group": 2, "page": 1, "permission_type": "edit"}}, {"model": "wagtailcore.grouppagepermission", "pk": 6, "fields": {"group": 1, "page": 1, "permission_type": "lock"}}, {"model": "wagtailcore.pagerevision", "pk": 1, "fields": {"page": 3, "submitted_for_moderation": false, "created_at": "2019-08-09T16:29:43.011Z", "user": 1, "content_json": "{\"pk\": 3, \"path\": \"00010002\", \"depth\": 2, \"numchild\": 0, \"title\": \"Mosquitone\", \"draft_title\": \"Mosquitone\", \"slug\": \"mosquitone\", \"content_type\": 15, \"live\": true, \"has_unpublished_changes\": false, \"url_path\": \"/mosquitone/\", \"owner\": 1, \"seo_title\": \"mosquitone\", \"show_in_menus\": true, \"search_description\": \"Top Page\", \"go_live_at\": null, \"expire_at\": null, \"expired\": false, \"locked\": false, \"first_published_at\": null, \"last_published_at\": null, \"latest_revision_created_at\": null, \"live_revision\": null, \"body\": \"\"}", "approved_go_live_at": null}}, {"model": "wagtailcore.pagerevision", "pk": 2, "fields": {"page": 4, "submitted_for_moderation": false, "created_at": "2019-08-09T16:32:26.799Z", "user": 1, "content_json": "{\"pk\": 4, \"path\": \"000100020001\", \"depth\": 3, \"numchild\": 0, \"title\": \"Band\", \"draft_title\": \"Band\", \"slug\": \"band\", \"content_type\": 7, \"live\": true, \"has_unpublished_changes\": false, \"url_path\": \"/mosquitone/band/\", \"owner\": 1, \"seo_title\": \"Band\", \"show_in_menus\": true, \"search_description\": \"About us\", \"go_live_at\": null, \"expire_at\": null, \"expired\": false, \"locked\": false, \"first_published_at\": null, \"last_published_at\": null, \"latest_revision_created_at\": null, \"live_revision\": null, \"english_history\": \"\", \"japanese_history\": \"\", \"main_image\": 1}", "approved_go_live_at": null}}, {"model": "wagtailcore.pagerevision", "pk": 3, "fields": {"page": 5, "submitted_for_moderation": false, "created_at": "2019-08-09T16:32:55.458Z", "user": 1, "content_json": "{\"pk\": 5, \"path\": \"000100020002\", \"depth\": 3, \"numchild\": 0, \"title\": \"Contact\", \"draft_title\": \"Contact\", \"slug\": \"contact\", \"content_type\": 13, \"live\": true, \"has_unpublished_changes\": false, \"url_path\": \"/mosquitone/contact/\", \"owner\": 1, \"seo_title\": \"\", \"show_in_menus\": true, \"search_description\": \"contact information\", \"go_live_at\": null, \"expire_at\": null, \"expired\": false, \"locked\": false, \"first_published_at\": null, \"last_published_at\": null, \"latest_revision_created_at\": null, \"live_revision\": null}", "approved_go_live_at": null}}, {"model": "wagtailcore.pagerevision", "pk": 4, "fields": {"page": 6, "submitted_for_moderation": false, "created_at": "2019-08-09T16:33:28.787Z", "user": 1, "content_json": "{\"pk\": 6, \"path\": \"000100020003\", \"depth\": 3, \"numchild\": 0, \"title\": \"Music\", \"draft_title\": \"Music\", \"slug\": \"music\", \"content_type\": 16, \"live\": true, \"has_unpublished_changes\": false, \"url_path\": \"/mosquitone/music/\", \"owner\": 1, \"seo_title\": \"\", \"show_in_menus\": true, \"search_description\": \"music\", \"go_live_at\": null, \"expire_at\": null, \"expired\": false, \"locked\": false, \"first_published_at\": null, \"last_published_at\": null, \"latest_revision_created_at\": null, \"live_revision\": null, \"intro\": \"\"}", "approved_go_live_at": null}}, {"model": "wagtailcore.pagerevision", "pk": 5, "fields": {"page": 7, "submitted_for_moderation": false, "created_at": "2019-08-09T16:33:58.252Z", "user": 1, "content_json": "{\"pk\": 7, \"path\": \"000100020004\", \"depth\": 3, \"numchild\": 0, \"title\": \"News\", \"draft_title\": \"News\", \"slug\": \"news\", \"content_type\": 9, \"live\": true, \"has_unpublished_changes\": false, \"url_path\": \"/mosquitone/news/\", \"owner\": 1, \"seo_title\": \"\", \"show_in_menus\": true, \"search_description\": \"News(include Blog)\", \"go_live_at\": null, \"expire_at\": null, \"expired\": false, \"locked\": false, \"first_published_at\": null, \"last_published_at\": null, \"latest_revision_created_at\": null, \"live_revision\": null, \"intro\": \"\"}", "approved_go_live_at": null}}, {"model": "wagtailcore.pagerevision", "pk": 6, "fields": {"page": 8, "submitted_for_moderation": false, "created_at": "2019-08-09T16:34:26.739Z", "user": 1, "content_json": "{\"pk\": 8, \"path\": \"000100020005\", \"depth\": 3, \"numchild\": 0, \"title\": \"Sitemap\", \"draft_title\": \"Sitemap\", \"slug\": \"sitemap\", \"content_type\": 20, \"live\": true, \"has_unpublished_changes\": false, \"url_path\": \"/mosquitone/sitemap/\", \"owner\": 1, \"seo_title\": \"\", \"show_in_menus\": true, \"search_description\": \"sitemap\", \"go_live_at\": null, \"expire_at\": null, \"expired\": false, \"locked\": false, \"first_published_at\": null, \"last_published_at\": null, \"latest_revision_created_at\": null, \"live_revision\": null}", "approved_go_live_at": null}}, {"model": "wagtailcore.pagerevision", "pk": 7, "fields": {"page": 9, "submitted_for_moderation": false, "created_at": "2019-08-09T16:35:13.775Z", "user": 1, "content_json": "{\"pk\": 9, \"path\": \"000100020006\", \"depth\": 3, \"numchild\": 0, \"title\": \"Shows\", \"draft_title\": \"Shows\", \"slug\": \"shows\", \"content_type\": 22, \"live\": true, \"has_unpublished_changes\": false, \"url_path\": \"/mosquitone/shows/\", \"owner\": 1, \"seo_title\": \"\", \"show_in_menus\": true, \"search_description\": \"Tour and Show\", \"go_live_at\": null, \"expire_at\": null, \"expired\": false, \"locked\": false, \"first_published_at\": null, \"last_published_at\": null, \"latest_revision_created_at\": null, \"live_revision\": null}", "approved_go_live_at": null}}, {"model": "wagtailcore.pagerevision", "pk": 8, "fields": {"page": 9, "submitted_for_moderation": false, "created_at": "2019-08-09T16:36:17.111Z", "user": 1, "content_json": "{\"pk\": 9, \"path\": \"000100020006\", \"depth\": 3, \"numchild\": 0, \"title\": \"Shows\", \"draft_title\": \"Shows\", \"slug\": \"shows\", \"content_type\": 22, \"live\": true, \"has_unpublished_changes\": false, \"url_path\": \"/mosquitone/shows/\", \"owner\": 1, \"seo_title\": \"\", \"show_in_menus\": true, \"search_description\": \"Tour and Show\", \"go_live_at\": null, \"expire_at\": null, \"expired\": false, \"locked\": false, \"first_published_at\": \"2019-08-09T16:35:13.809Z\", \"last_published_at\": \"2019-08-09T16:35:13.809Z\", \"latest_revision_created_at\": \"2019-08-09T16:35:13.775Z\", \"live_revision\": 7}", "approved_go_live_at": null}}, {"model": "wagtailcore.pagerevision", "pk": 9, "fields": {"page": 10, "submitted_for_moderation": false, "created_at": "2019-08-09T16:37:30.186Z", "user": 1, "content_json": "{\"pk\": 10, \"path\": \"000100020007\", \"depth\": 3, \"numchild\": 0, \"title\": \"About site\", \"draft_title\": \"About site\", \"slug\": \"site\", \"content_type\": 24, \"live\": true, \"has_unpublished_changes\": false, \"url_path\": \"/mosquitone/site/\", \"owner\": 1, \"seo_title\": \"\", \"show_in_menus\": true, \"search_description\": \"About this site\", \"go_live_at\": null, \"expire_at\": null, \"expired\": false, \"locked\": false, \"first_published_at\": null, \"last_published_at\": null, \"latest_revision_created_at\": null, \"live_revision\": null}", "approved_go_live_at": null}}, {"model": "wagtailcore.pagerevision", "pk": 10, "fields": {"page": 3, "submitted_for_moderation": false, "created_at": "2019-08-09T17:28:34.865Z", "user": 1, "content_json": "{\"pk\": 3, \"path\": \"00010002\", \"depth\": 2, \"numchild\": 7, \"title\": \"Mosquitone\", \"draft_title\": \"Mosquitone\", \"slug\": \"home\", \"content_type\": 15, \"live\": true, \"has_unpublished_changes\": false, \"url_path\": \"/mosquitone/\", \"owner\": 1, \"seo_title\": \"mosquitone\", \"show_in_menus\": true, \"search_description\": \"Top Page\", \"go_live_at\": null, \"expire_at\": null, \"expired\": false, \"locked\": false, \"first_published_at\": \"2019-08-09T16:29:43.057Z\", \"last_published_at\": \"2019-08-09T16:29:43.057Z\", \"latest_revision_created_at\": \"2019-08-09T16:29:43.011Z\", \"live_revision\": 1, \"body\": \"\"}", "approved_go_live_at": null}}, {"model": "wagtailcore.pagerevision", "pk": 11, "fields": {"page": 11, "submitted_for_moderation": false, "created_at": "2019-08-09T17:51:33.805Z", "user": 1, "content_json": "{\"pk\": 11, \"path\": \"0001000200030001\", \"depth\": 4, \"numchild\": 0, \"title\": \"Demo#1\", \"draft_title\": \"Demo#1\", \"slug\": \"demo1\", \"content_type\": 17, \"live\": true, \"has_unpublished_changes\": false, \"url_path\": \"/home/music/demo1/\", \"owner\": 1, \"seo_title\": \"\", \"show_in_menus\": false, \"search_description\": \"\", \"go_live_at\": null, \"expire_at\": null, \"expired\": false, \"locked\": false, \"first_published_at\": null, \"last_published_at\": null, \"latest_revision_created_at\": null, \"live_revision\": null, \"release_date\": \"2019-08-30\", \"copy\": \"Our first demo\", \"description\": \"\", \"artwork\": 10, \"tracks\": [{\"pk\": 1, \"sort_order\": 0, \"page\": 11, \"title\": \"My sadness\", \"duration\": \"00:04:00\"}, {\"pk\": 2, \"sort_order\": 1, \"page\": 11, \"title\": \"Keep going forward\", \"duration\": \"00:03:50\"}]}", "approved_go_live_at": null}}, {"model": "wagtailcore.pagerevision", "pk": 12, "fields": {"page": 12, "submitted_for_moderation": false, "created_at": "2019-08-09T17:57:22.601Z", "user": 1, "content_json": "{\"pk\": 12, \"path\": \"0001000200040001\", \"depth\": 4, \"numchild\": 0, \"title\": \"mosquitone \\u516c\\u5f0f\\u30b5\\u30a4\\u30c8\\u3092\\u516c\\u958b\\u3057\\u307e\\u3057\\u305f\", \"draft_title\": \"mosquitone \\u516c\\u5f0f\\u30b5\\u30a4\\u30c8\\u3092\\u516c\\u958b\\u3057\\u307e\\u3057\\u305f\", \"slug\": \"mosquitone-\\u516c\\u5f0f\\u30b5\\u30a4\\u30c8\\u3092\\u516c\\u958b\\u3057\\u307e\\u3057\\u305f\", \"content_type\": 10, \"live\": true, \"has_unpublished_changes\": false, \"url_path\": \"/home/news/mosquitone-\\u516c\\u5f0f\\u30b5\\u30a4\\u30c8\\u3092\\u516c\\u958b\\u3057\\u307e\\u3057\\u305f/\", \"owner\": 1, \"seo_title\": \"\", \"show_in_menus\": false, \"search_description\": \"\", \"go_live_at\": null, \"expire_at\": null, \"expired\": false, \"locked\": false, \"first_published_at\": null, \"last_published_at\": null, \"latest_revision_created_at\": null, \"live_revision\": null, \"date\": \"2019-08-30\", \"intro\": \"\\u3053\\u306e\\u5ea6 mosquitone \\u304c\\u516c\\u5f0f\\u30b5\\u30a4\\u30c8\\u3092\\u516c\\u958b\\u3057\\u307e\\u3057\\u305f\\u3053\\u3068\\u3092\\u304a\\u77e5\\u3089\\u305b\\u3044\\u305f\\u3057\\u307e\\u3059\\u3002\", \"body\": \"<p>\\u3053\\u306e\\u5ea6 mosquitone \\u304c <a id=\\\"3\\\" linktype=\\\"page\\\">\\u516c\\u5f0f\\u30b5\\u30a4\\u30c8</a> \\u3092\\u516c\\u958b\\u3057\\u307e\\u3057\\u305f\\u3002</p><p>\\u3053\\u306e\\u30b5\\u30a4\\u30c8\\u306f <a id=\\\"9\\\" linktype=\\\"page\\\">\\u30e9\\u30a4\\u30d6\\u60c5\\u5831</a> \\u3084 <a id=\\\"6\\\" linktype=\\\"page\\\">\\u97f3\\u6e90</a> \\u306a\\u3069\\u3001mosquitone \\u306e\\u69d8\\u3005\\u306a\\u6d3b\\u52d5\\u30fb\\u60c5\\u5831\\u3092\\u767a\\u4fe1\\u3059\\u308b\\u30dd\\u30fc\\u30bf\\u30eb\\u3067\\u3059\\u3002</p><p>\\u4eca\\u307e\\u3067\\u60c5\\u5831\\u3092\\u767a\\u4fe1\\u3057\\u3066\\u304d\\u307e\\u3057\\u305f <a id=\\\"5\\\" linktype=\\\"page\\\">SNS</a> \\b\\u3082\\u3001\\u4eca\\u5ea6\\u3068\\u3082\\u66f4\\u65b0\\u3057\\u3066\\u53c2\\u308a\\u307e\\u3059\\u306e\\u3067\\u3001<br/>\\u305d\\u3061\\u3089\\u3082\\u4f75\\u305b\\u3066\\u3001\\u3054\\u53c2\\u7167\\u304f\\u3060\\u3055\\u3044\\u307e\\u305b\\u3002</p>\", \"author\": null, \"tagged_items\": [{\"pk\": 1, \"tag\": 7, \"content_object\": 12}], \"gallery_images\": [], \"categories\": []}", "approved_go_live_at": null}}, {"model": "wagtailcore.page", "pk": 1, "fields": {"path": "0001", "depth": 1, "numchild": 1, "title": "Root", "draft_title": "Root", "slug": "root", "content_type": 1, "live": true, "has_unpublished_changes": false, "url_path": "/", "owner": null, "seo_title": "", "show_in_menus": false, "search_description": "", "go_live_at": null, "expire_at": null, "expired": false, "locked": false, "first_published_at": null, "last_published_at": null, "latest_revision_created_at": null, "live_revision": null}}, {"model": "wagtailcore.page", "pk": 3, "fields": {"path": "00010002", "depth": 2, "numchild": 7, "title": "Mosquitone", "draft_title": "Mosquitone", "slug": "home", "content_type": 15, "live": true, "has_unpublished_changes": false, "url_path": "/home/", "owner": 1, "seo_title": "mosquitone", "show_in_menus": true, "search_description": "Top Page", "go_live_at": null, "expire_at": null, "expired": false, "locked": false, "first_published_at": "2019-08-09T16:29:43.057Z", "last_published_at": "2019-08-09T17:28:34.927Z", "latest_revision_created_at": "2019-08-09T17:28:34.865Z", "live_revision": 10}}, {"model": "wagtailcore.page", "pk": 4, "fields": {"path": "000100020001", "depth": 3, "numchild": 0, "title": "Band", "draft_title": "Band", "slug": "band", "content_type": 7, "live": true, "has_unpublished_changes": false, "url_path": "/home/band/", "owner": 1, "seo_title": "Band", "show_in_menus": true, "search_description": "About us", "go_live_at": null, "expire_at": null, "expired": false, "locked": false, "first_published_at": "2019-08-09T16:32:26.832Z", "last_published_at": "2019-08-09T16:32:26.832Z", "latest_revision_created_at": "2019-08-09T16:32:26.799Z", "live_revision": 2}}, {"model": "wagtailcore.page", "pk": 5, "fields": {"path": "000100020002", "depth": 3, "numchild": 0, "title": "Contact", "draft_title": "Contact", "slug": "contact", "content_type": 13, "live": true, "has_unpublished_changes": false, "url_path": "/home/contact/", "owner": 1, "seo_title": "", "show_in_menus": true, "search_description": "contact information", "go_live_at": null, "expire_at": null, "expired": false, "locked": false, "first_published_at": "2019-08-09T16:32:55.493Z", "last_published_at": "2019-08-09T16:32:55.493Z", "latest_revision_created_at": "2019-08-09T16:32:55.458Z", "live_revision": 3}}, {"model": "wagtailcore.page", "pk": 6, "fields": {"path": "000100020003", "depth": 3, "numchild": 1, "title": "Music", "draft_title": "Music", "slug": "music", "content_type": 16, "live": true, "has_unpublished_changes": false, "url_path": "/home/music/", "owner": 1, "seo_title": "", "show_in_menus": true, "search_description": "music", "go_live_at": null, "expire_at": null, "expired": false, "locked": false, "first_published_at": "2019-08-09T16:33:28.821Z", "last_published_at": "2019-08-09T16:33:28.821Z", "latest_revision_created_at": "2019-08-09T16:33:28.787Z", "live_revision": 4}}, {"model": "wagtailcore.page", "pk": 7, "fields": {"path": "000100020004", "depth": 3, "numchild": 1, "title": "News", "draft_title": "News", "slug": "news", "content_type": 9, "live": true, "has_unpublished_changes": false, "url_path": "/home/news/", "owner": 1, "seo_title": "", "show_in_menus": true, "search_description": "News(include Blog)", "go_live_at": null, "expire_at": null, "expired": false, "locked": false, "first_published_at": "2019-08-09T16:33:58.310Z", "last_published_at": "2019-08-09T16:33:58.310Z", "latest_revision_created_at": "2019-08-09T16:33:58.252Z", "live_revision": 5}}, {"model": "wagtailcore.page", "pk": 8, "fields": {"path": "000100020005", "depth": 3, "numchild": 0, "title": "Sitemap", "draft_title": "Sitemap", "slug": "sitemap", "content_type": 20, "live": true, "has_unpublished_changes": false, "url_path": "/home/sitemap/", "owner": 1, "seo_title": "", "show_in_menus": true, "search_description": "sitemap", "go_live_at": null, "expire_at": null, "expired": false, "locked": false, "first_published_at": "2019-08-09T16:34:26.771Z", "last_published_at": "2019-08-09T16:34:26.771Z", "latest_revision_created_at": "2019-08-09T16:34:26.739Z", "live_revision": 6}}, {"model": "wagtailcore.page", "pk": 9, "fields": {"path": "000100020006", "depth": 3, "numchild": 0, "title": "Shows", "draft_title": "Shows", "slug": "shows", "content_type": 22, "live": true, "has_unpublished_changes": false, "url_path": "/home/shows/", "owner": 1, "seo_title": "", "show_in_menus": true, "search_description": "Tour and Show", "go_live_at": null, "expire_at": null, "expired": false, "locked": false, "first_published_at": "2019-08-09T16:35:13.809Z", "last_published_at": "2019-08-09T16:36:17.149Z", "latest_revision_created_at": "2019-08-09T16:36:17.111Z", "live_revision": 8}}, {"model": "wagtailcore.page", "pk": 10, "fields": {"path": "000100020007", "depth": 3, "numchild": 0, "title": "About site", "draft_title": "About site", "slug": "site", "content_type": 24, "live": true, "has_unpublished_changes": false, "url_path": "/home/site/", "owner": 1, "seo_title": "", "show_in_menus": true, "search_description": "About this site", "go_live_at": null, "expire_at": null, "expired": false, "locked": false, "first_published_at": "2019-08-09T16:37:30.235Z", "last_published_at": "2019-08-09T16:37:30.235Z", "latest_revision_created_at": "2019-08-09T16:37:30.186Z", "live_revision": 9}}, {"model": "wagtailcore.page", "pk": 11, "fields": {"path": "0001000200030001", "depth": 4, "numchild": 0, "title": "Demo#1", "draft_title": "Demo#1", "slug": "demo1", "content_type": 17, "live": true, "has_unpublished_changes": false, "url_path": "/home/music/demo1/", "owner": 1, "seo_title": "", "show_in_menus": false, "search_description": "", "go_live_at": null, "expire_at": null, "expired": false, "locked": false, "first_published_at": "2019-08-09T17:51:33.847Z", "last_published_at": "2019-08-09T17:51:33.847Z", "latest_revision_created_at": "2019-08-09T17:51:33.805Z", "live_revision": 11}}, {"model": "wagtailcore.page", "pk": 12, "fields": {"path": "0001000200040001", "depth": 4, "numchild": 0, "title": "mosquitone \u516c\u5f0f\u30b5\u30a4\u30c8\u3092\u516c\u958b\u3057\u307e\u3057\u305f", "draft_title": "mosquitone \u516c\u5f0f\u30b5\u30a4\u30c8\u3092\u516c\u958b\u3057\u307e\u3057\u305f", "slug": "mosquitone-\u516c\u5f0f\u30b5\u30a4\u30c8\u3092\u516c\u958b\u3057\u307e\u3057\u305f", "content_type": 10, "live": true, "has_unpublished_changes": false, "url_path": "/home/news/mosquitone-\u516c\u5f0f\u30b5\u30a4\u30c8\u3092\u516c\u958b\u3057\u307e\u3057\u305f/", "owner": 1, "seo_title": "", "show_in_menus": false, "search_description": "", "go_live_at": null, "expire_at": null, "expired": false, "locked": false, "first_published_at": "2019-08-09T17:57:22.638Z", "last_published_at": "2019-08-09T17:57:22.638Z", "latest_revision_created_at": "2019-08-09T17:57:22.601Z", "live_revision": 12}}, {"model": "wagtailimages.image", "pk": 1, "fields": {"collection": 1, "title": "mosquitone.jpg", "file": "original_images/mosquitone.jpg", "width": 400, "height": 400, "created_at": "2019-08-09T16:31:57.426Z", "uploaded_by_user": 1, "focal_point_x": null, "focal_point_y": null, "focal_point_width": null, "focal_point_height": null, "file_size": 44321, "file_hash": "96516e9bd15eceae4910cd92415aab83c45e44a2"}}, {"model": "wagtailimages.image", "pk": 2, "fields": {"collection": 1, "title": "gentarou-image.jpg", "file": "original_images/gentarou.jpg", "width": 2727, "height": 2584, "created_at": "2019-08-09T17:01:24.779Z", "uploaded_by_user": 1, "focal_point_x": null, "focal_point_y": null, "focal_point_width": null, "focal_point_height": null, "file_size": 1193115, "file_hash": "525bf04391221455a102e696d8af2334ba76ba59"}}, {"model": "wagtailimages.image", "pk": 3, "fields": {"collection": 1, "title": "gentarou-avator.png", "file": "original_images/gentarou-icon.png", "width": 183, "height": 196, "created_at": "2019-08-09T17:02:15.187Z", "uploaded_by_user": 1, "focal_point_x": null, "focal_point_y": null, "focal_point_width": null, "focal_point_height": null, "file_size": 67393, "file_hash": "dda56c8fab6f14a74d041d3f3aae81026217deb1"}}, {"model": "wagtailimages.image", "pk": 4, "fields": {"collection": 1, "title": "miyazaki-image.jpg", "file": "original_images/miyazaki.jpg", "width": 700, "height": 710, "created_at": "2019-08-09T17:11:04.788Z", "uploaded_by_user": 1, "focal_point_x": null, "focal_point_y": null, "focal_point_width": null, "focal_point_height": null, "file_size": 162274, "file_hash": "793a5a003a65a55c28dc9278e30e8034a33b810e"}}, {"model": "wagtailimages.image", "pk": 5, "fields": {"collection": 1, "title": "miyazaki-avator.png", "file": "original_images/miyazaki-avator.png", "width": 182, "height": 198, "created_at": "2019-08-09T17:11:35.524Z", "uploaded_by_user": 1, "focal_point_x": null, "focal_point_y": null, "focal_point_width": null, "focal_point_height": null, "file_size": 64466, "file_hash": "c79bc51cfe1ab6b00acdc70bbebfc7149db9105e"}}, {"model": "wagtailimages.image", "pk": 6, "fields": {"collection": 1, "title": "chikara-image.gif", "file": "original_images/animated.GIF", "width": 320, "height": 320, "created_at": "2019-08-09T17:13:00.524Z", "uploaded_by_user": 1, "focal_point_x": null, "focal_point_y": null, "focal_point_width": null, "focal_point_height": null, "file_size": 1108536, "file_hash": "d2c28f85829a56870968a0e6cce5ca6f0a9e9dc6"}}, {"model": "wagtailimages.image", "pk": 7, "fields": {"collection": 1, "title": "chikara-avator.png", "file": "original_images/chikara-avator.png", "width": 195, "height": 181, "created_at": "2019-08-09T17:13:23.436Z", "uploaded_by_user": 1, "focal_point_x": null, "focal_point_y": null, "focal_point_width": null, "focal_point_height": null, "file_size": 69389, "file_hash": "1ecad7f0f430bf7d769f099ee20bdfb02768e49c"}}, {"model": "wagtailimages.image", "pk": 8, "fields": {"collection": 1, "title": "yamashita-image.png", "file": "original_images/yamashita.png", "width": 938, "height": 885, "created_at": "2019-08-09T17:15:44.889Z", "uploaded_by_user": 1, "focal_point_x": null, "focal_point_y": null, "focal_point_width": null, "focal_point_height": null, "file_size": 1050614, "file_hash": "c0b6ebe2c122c66a8639953dd4fd2d81217b4967"}}, {"model": "wagtailimages.image", "pk": 9, "fields": {"collection": 1, "title": "yamashita-avator.png", "file": "original_images/yamashita-avator.png", "width": 189, "height": 191, "created_at": "2019-08-09T17:16:06.916Z", "uploaded_by_user": 1, "focal_point_x": null, "focal_point_y": null, "focal_point_width": null, "focal_point_height": null, "file_size": 73018, "file_hash": "80da66293b1ee2df5684118faa1c54fd76b888b9"}}, {"model": "wagtailimages.image", "pk": 10, "fields": {"collection": 1, "title": "recording-artwork-placeholder.png", "file": "original_images/500x500.png", "width": 500, "height": 500, "created_at": "2019-08-09T17:50:59.445Z", "uploaded_by_user": 1, "focal_point_x": null, "focal_point_y": null, "focal_point_width": null, "focal_point_height": null, "file_size": 1596, "file_hash": "28b93b3ef4eb70b0d1df9c2140b06059e5c811e9"}}, {"model": "siteinfo.siteinfopage", "pk": 10, "fields": {"page_ptr": 10}}, {"model": "tours.showindexpage", "pk": 9, "fields": {"page_ptr": 9}}, {"model": "sitemap.sitemappage", "pk": 8, "fields": {"page_ptr": 8}}, {"model": "music.musicpage", "pk": 11, "fields": {"page_ptr": 11, "release_date": "2019-08-30", "copy": "Our first demo", "description": "", "artwork": 10}}, {"model": "music.musicindexpage", "pk": 6, "fields": {"page_ptr": 6, "intro": ""}}, {"model": "home.homepage", "pk": 3, "fields": {"page_ptr": 3, "body": ""}}, {"model": "contact.contactpage", "pk": 5, "fields": {"page_ptr": 5}}, {"model": "news.newspage", "pk": 12, "fields": {"page_ptr": 12, "date": "2019-08-30", "intro": "\u3053\u306e\u5ea6 mosquitone \u304c\u516c\u5f0f\u30b5\u30a4\u30c8\u3092\u516c\u958b\u3057\u307e\u3057\u305f\u3053\u3068\u3092\u304a\u77e5\u3089\u305b\u3044\u305f\u3057\u307e\u3059\u3002", "body": "<p>\u3053\u306e\u5ea6 mosquitone \u304c <a id=\"3\" linktype=\"page\">\u516c\u5f0f\u30b5\u30a4\u30c8</a> \u3092\u516c\u958b\u3057\u307e\u3057\u305f\u3002</p><p>\u3053\u306e\u30b5\u30a4\u30c8\u306f <a id=\"9\" linktype=\"page\">\u30e9\u30a4\u30d6\u60c5\u5831</a> \u3084 <a id=\"6\" linktype=\"page\">\u97f3\u6e90</a> \u306a\u3069\u3001mosquitone \u306e\u69d8\u3005\u306a\u6d3b\u52d5\u30fb\u60c5\u5831\u3092\u767a\u4fe1\u3059\u308b\u30dd\u30fc\u30bf\u30eb\u3067\u3059\u3002</p><p>\u4eca\u307e\u3067\u60c5\u5831\u3092\u767a\u4fe1\u3057\u3066\u304d\u307e\u3057\u305f <a id=\"5\" linktype=\"page\">SNS</a> \b\u3082\u3001\u4eca\u5ea6\u3068\u3082\u66f4\u65b0\u3057\u3066\u53c2\u308a\u307e\u3059\u306e\u3067\u3001<br/>\u305d\u3061\u3089\u3082\u4f75\u305b\u3066\u3001\u3054\u53c2\u7167\u304f\u3060\u3055\u3044\u307e\u305b\u3002</p>", "author": null, "categories": []}}, {"model": "news.newsindexpage", "pk": 7, "fields": {"page_ptr": 7, "intro": ""}}, {"model": "about.aboutpage", "pk": 4, "fields": {"page_ptr": 4, "english_history": "", "japanese_history": "", "main_image": 1}}]