[
{
  "model": "about.member",
  "pk": 1,
  "fields": {
    "japanese_name": "\u8fbb\u672c \u7d43\u592a\u90ce",
    "english_name": "Tsujimoto Gentarou",
    "part": "Guitar, Vocal",
    "copy": "\u3068\u306b\u304b\u304f\u5148\u306b\u9032\u3080\u3057\u304b\u306a\u3044\uff01",
    "japanese_description": "mosquitone \u306e\u5275\u8a2d\u8005\u306b\u3057\u3066\u6211\u3005\u306e\u5e0c\u671b",
    "english_description": "mosquitone founder and our hope",
    "avator": 23,
    "icon": 21,
    "priority": 100,
    "twitter": null,
    "facebook": null,
    "instagram": "https://www.instagram.com/gentaro.0827/"
  }
},
{
  "model": "about.member",
  "pk": 2,
  "fields": {
    "japanese_name": "\u5bae\u5d0e \u771f\u6607",
    "english_name": "Masanori Miyazaki",
    "part": "Bass Guitar, Camera",
    "copy": "\u3084\u3070\u3070\u3070",
    "japanese_description": "\u6211\u3005\u306e\u502b\u7406\u30fb\u826f\u5fc3",
    "english_description": "Our conscience, ethics",
    "avator": 5,
    "icon": 4,
    "priority": 110,
    "twitter": null,
    "facebook": null,
    "instagram": null
  }
},
{
  "model": "about.member",
  "pk": 3,
  "fields": {
    "japanese_name": "\u5185\u6d77 \u529b",
    "english_name": "Utsumi Chikara",
    "part": "Guitar, Vocal",
    "copy": "\u8089",
    "japanese_description": "\u6211\u3005\u306e\u529b",
    "english_description": "Our Power",
    "avator": 7,
    "icon": 18,
    "priority": 120,
    "twitter": null,
    "facebook": null,
    "instagram": null
  }
},
{
  "model": "about.member",
  "pk": 4,
  "fields": {
    "japanese_name": "\u5c71\u4e0b \u88d5\u8f14",
    "english_name": "Yamashita Yuusuke",
    "part": "Drums",
    "copy": "\u30c9\u30e9\u30e0\u3067\u3059\u3002",
    "japanese_description": "\u6211\u3005\u306e\u5c71\u4e0b",
    "english_description": "Our yamashita",
    "avator": 9,
    "icon": 8,
    "priority": 130,
    "twitter": null,
    "facebook": null,
    "instagram": null
  }
},
{
  "model": "about.history",
  "pk": 1,
  "fields": {
    "summary": "\u7d43\u592a\u90ce\u3055\u3093\u767a\u8d77",
    "date": "2018-03-01",
    "text": "\u7d43\u592a\u90ce\u3055\u3093\u304c\u30d0\u30f3\u30c9\u6d3b\u52d5\u3092\u59cb\u3081\u308b",
    "by": 1
  }
},
{
  "model": "about.history",
  "pk": 2,
  "fields": {
    "summary": "\u5c71\u4e0bjoin",
    "date": "2018-04-01",
    "text": "\u5c71\u4e0b\u304c\u7d43\u592a\u90ce\u3055\u3093\u306b\u8a98\u308f\u308c\u4e00\u7dd2\u306b\u6d3b\u52d5\u3059\u308b\u3053\u3068\u306b",
    "by": 4
  }
},
{
  "model": "about.history",
  "pk": 3,
  "fields": {
    "summary": "\u5bae\u5d0e\u3055\u3093 join",
    "date": "2018-07-31",
    "text": "\u5bae\u5d0e\u3055\u3093\u304c\u7d43\u592a\u90ce\u3055\u3093\u306b\u8a98\u308f\u308c2\u4eba\u306b\u5408\u6d41",
    "by": 2
  }
},
{
  "model": "about.history",
  "pk": 4,
  "fields": {
    "summary": "\u529b\u3055\u3093join",
    "date": "2018-09-01",
    "text": "\u529b\u3055\u3093\u304c\u7d43\u592a\u90ce\u3055\u3093\u306b\u8a98\u308f\u308c3\u4eba\u306b\u5408\u6d41",
    "by": 3
  }
},
{
  "model": "about.history",
  "pk": 5,
  "fields": {
    "summary": "mosquitone founded",
    "date": "2018-10-01",
    "text": "\u30d0\u30f3\u30c9\u540d\u3092 mosquitone \u3068\u3057\u3066\u6d3b\u52d5\u958b\u59cb",
    "by": null
  }
},
{
  "model": "about.history",
  "pk": 6,
  "fields": {
    "summary": "publish official site",
    "date": "2019-08-10",
    "text": "\u30aa\u30d5\u30a3\u30b7\u30e3\u30eb\u30b5\u30a4\u30c8\u3092\u516c\u958b",
    "by": null
  }
},
{
  "model": "about.history",
  "pk": 7,
  "fields": {
    "summary": "mosquitone start",
    "date": "2019-05-01",
    "text": "\u30aa\u30ea\u30b8\u30ca\u30eb\u697d\u66f2\u306e\u4f5c\u6210\u3068\u30e9\u30a4\u30d6\u6d3b\u52d5\u3092\u958b\u59cb",
    "by": null
  }
},
{
  "model": "about.history",
  "pk": 8,
  "fields": {
    "summary": "Release 1st demo",
    "date": "2019-09-03",
    "text": "\u30c7\u30e2\u97f3\u6e90\u300c1st demo\u300d\u3092\u30ea\u30ea\u30fc\u30b9",
    "by": null
  }
},
{
  "model": "news.newspagetag",
  "pk": 14,
  "fields": {
    "tag": 7,
    "content_object": 12
  }
},
{
  "model": "news.newspagetag",
  "pk": 20,
  "fields": {
    "tag": 6,
    "content_object": 14
  }
},
{
  "model": "news.newspagetag",
  "pk": 31,
  "fields": {
    "tag": 15,
    "content_object": 16
  }
},
{
  "model": "news.newspagegalleryimage",
  "pk": 1,
  "fields": {
    "sort_order": 0,
    "page": 14,
    "image": 19,
    "caption": ""
  }
},
{
  "model": "news.newspagegalleryimage",
  "pk": 2,
  "fields": {
    "sort_order": 0,
    "page": 12,
    "image": 22,
    "caption": ""
  }
},
{
  "model": "news.newspagegalleryimage",
  "pk": 4,
  "fields": {
    "sort_order": 0,
    "page": 16,
    "image": 25,
    "caption": ""
  }
},
{
  "model": "contact.sorcialnetworkaccount",
  "pk": 1,
  "fields": {
    "sns_name": "Twitter",
    "sns_icon_name": "twitter",
    "account_name": "@mosquitone_info",
    "account_url": "https://twitter.com/mosquitone_info",
    "description": "\u30e9\u30a4\u30d6\u306a\u3069 mosquitone \u306e\u6d3b\u52d5\u3092\u3064\u3076\u3084\u304d\u307e\u3059",
    "priority": 100
  }
},
{
  "model": "contact.sorcialnetworkaccount",
  "pk": 2,
  "fields": {
    "sns_name": "Instagram",
    "sns_icon_name": "instagram",
    "account_name": "@mosquitone_band",
    "account_url": "https://www.instagram.com/mosquitone_band/",
    "description": "mosquitone \u306e\u30e9\u30a4\u30d6\u30fb\u65e5\u5e38\u306e\u5199\u771f\u30fb\u52d5\u753b\u3092\u6295\u7a3f\u3057\u307e\u3059",
    "priority": 110
  }
},
{
  "model": "contact.sorcialnetworkaccount",
  "pk": 3,
  "fields": {
    "sns_name": "Youtube",
    "sns_icon_name": "youtube",
    "account_name": "mosquitone",
    "account_url": "https://www.youtube.com/channel/UCkGHjxTGURpNC6kCpwscKyg?view_as=subscriber",
    "description": "mosquitone \u306e\u30e9\u30a4\u30d6\u306a\u3069\u306e\u52d5\u753b\u3092\u30a2\u30c3\u30d7\u30ed\u30fc\u30c9\u3057\u307e\u3059",
    "priority": 120
  }
},
{
  "model": "contact.sorcialnetworkaccount",
  "pk": 4,
  "fields": {
    "sns_name": "Bandcamp",
    "sns_icon_name": "bandcamp",
    "account_name": "mosquitone",
    "account_url": "https://mosquitone.bandcamp.com/",
    "description": "\u97f3\u6e90\u3092\u516c\u958b\u3057\u307e\u3059",
    "priority": 100
  }
},
{
  "model": "music.musictrack",
  "pk": 1,
  "fields": {
    "sort_order": 0,
    "page": 11,
    "title": "My sadness",
    "duration": "00:04:00"
  }
},
{
  "model": "music.musictrack",
  "pk": 2,
  "fields": {
    "sort_order": 1,
    "page": 11,
    "title": "Keep going forward",
    "duration": "00:03:50"
  }
},
{
  "model": "tours.location",
  "pk": 1,
  "fields": {
    "name": "\u30d2\u30bd\u30df\u30cd",
    "description": "\u30d2\u30bd\u30df\u30cd\u5927\u5bae",
    "url": "http://www.hisomine.com"
  }
},
{
  "model": "tours.location",
  "pk": 2,
  "fields": {
    "name": "M.studio",
    "description": "\u6c38\u5c71M.studio",
    "url": "http://www.mare-co.jp/nagayamatop.htm"
  }
},
{
  "model": "tours.location",
  "pk": 3,
  "fields": {
    "name": "\u5bae\u5730\u697d\u5668 ZippalHall",
    "description": "\u5bae\u5730\u697d\u5668 \u795e\u7530\u5e97\u4f75\u8a2d  ZippalHall",
    "url": "https://miyaji.co.jp/zippalhall/"
  }
},
{
  "model": "tours.location",
  "pk": 4,
  "fields": {
    "name": "\u5cf6\u6751\u697d\u5668\u30a2\u30ea\u30aa\u6a4b\u672c\u5e97",
    "description": "\u5cf6\u6751\u697d\u5668\u30a2\u30ea\u30aa\u6a4b\u672c\u5e97",
    "url": "https://www.shimamura.co.jp/shop/hashimoto/"
  }
},
{
  "model": "tours.show",
  "pk": 1,
  "fields": {
    "title": "fluctuate@\u30d2\u30bd\u30df\u30cd\u5927\u5bae",
    "subtitle": "Open 17:30, Start: 18:00",
    "date": "2019-09-14",
    "location": 1,
    "description": "\u5927\u5bae\u30d2\u30bd\u30df\u30cd\u69d8\u3067\u30e9\u30a4\u30d6!",
    "information": "http://www.hisomine.com/schedules/view/2681"
  }
},
{
  "model": "tours.show",
  "pk": 2,
  "fields": {
    "title": "\u6625\u306e\u97f3\u697d\u796dVol.2@M.studio",
    "subtitle": "M.studio\u4e3b\u50ac\u30d6\u30c3\u30ad\u30f3\u30b0\u30e9\u30a4\u30d6 \u6625\u306e\u97f3\u697d\u796dVol.2",
    "date": "2019-04-27",
    "location": 2,
    "description": "mosquitone \u521d\u30e9\u30a4\u30d6\u306f\u3001\u6c38\u5c71M.studio\u69d8\u4e3b\u50ac\u306e\u30d6\u30c3\u30ad\u30f3\u30b0\u30e9\u30a4\u30d6\uff01",
    "information": "https://twitter.com/mstudio_ngym/status/1122102947553234944"
  }
},
{
  "model": "tours.show",
  "pk": 3,
  "fields": {
    "title": "WALK OUT@\u5bae\u5730\u697d\u5668\u795e\u7530\u5e97 Zippal Hall",
    "subtitle": "mosquitone 2nd\u30e9\u30a4\u30d6@\u795e\u7530",
    "date": "2019-06-16",
    "location": 3,
    "description": "mosquitone 2nd\u30e9\u30a4\u30d6\u306f\u3001\u5bae\u5730\u697d\u5668 ZippalHall\u69d8\u4e3b\u50ac\u306e\u6052\u4f8b\u793e\u4f1a\u4eba\u9650\u5b9a\u30e9\u30a4\u30d6WALK OUT\uff01",
    "information": "https://twitter.com/zippalhall/status/1140015335128440832"
  }
},
{
  "model": "tours.show",
  "pk": 4,
  "fields": {
    "title": "HOTLINE2019\u30b7\u30e7\u30c3\u30d7\u30e9\u30a4\u30d6@\u5cf6\u6751\u697d\u5668\u30a2\u30ea\u30aa\u6a4b\u672c\u5e97",
    "subtitle": "mosquitone \u304cHOTLINE2019\u306b\u30a8\u30f3\u30c8\u30ea\u30fc\u3057\u307e\u3059\uff01",
    "date": "2019-07-27",
    "location": 4,
    "description": "mosquitone \u304c\u5cf6\u6751\u697d\u5668\u69d8\u4e3b\u50ac\u306eHOTLINE2019\u306b\u30a8\u30f3\u30c8\u30ea\u30fc\u3057\u307e\u3059\uff01\u672c\u30e9\u30a4\u30d6\u306f\u305d\u306e\u4e88\u9078\u3068\u3057\u3066\u5cf6\u6751\u697d\u5668\u30a2\u30ea\u30aa\u6a4b\u672c\u5e97\u69d8\u30b7\u30e7\u30c3\u30d7\u30e9\u30a4\u30d6\u3067\u3059\uff01",
    "information": "https://www.shimablo.com/blog/hashimoto/2019/06/05/342"
  }
},
{
  "model": "tours.show",
  "pk": 5,
  "fields": {
    "title": "exhibit\uff20\u30d2\u30bd\u30df\u30cd\u5927\u5bae",
    "subtitle": "OPEN: 17:30, START:18:00",
    "date": "2019-12-21",
    "location": 1,
    "description": "\u5e74\u672b\u6700\u5f8c\u306e\u30e9\u30a4\u30d6\u3067\u3059\uff01",
    "information": "http://hisomine.com/schedules/view/2764"
  }
},
{
  "model": "wagtailembeds.embed",
  "pk": 1,
  "fields": {
    "url": "https://youtu.be/IDVYa-05hgM",
    "max_width": null,
    "type": "video",
    "html": "<iframe width=\"480\" height=\"270\" src=\"https://www.youtube.com/embed/IDVYa-05hgM?feature=oembed\" frameborder=\"0\" allow=\"accelerometer; autoplay; encrypted-media; gyroscope; picture-in-picture\" allowfullscreen></iframe>",
    "title": "mosquitone - My Sadness (Official Music Video)",
    "author_name": "mosquitone",
    "provider_name": "YouTube",
    "thumbnail_url": "https://i.ytimg.com/vi/IDVYa-05hgM/hqdefault.jpg",
    "width": 480,
    "height": 270,
    "last_updated": "2019-09-03T09:33:36.677Z"
  }
},
{
  "model": "wagtailembeds.embed",
  "pk": 2,
  "fields": {
    "url": "https://twitter.com/mosquitone_info/status/1172905325252341763",
    "max_width": null,
    "type": "rich",
    "html": "<blockquote class=\"twitter-tweet\"><p lang=\"ja\" dir=\"ltr\">\u672c\u65e5\u3001\u5bae\u539f\u306b\u3042\u308b\u30d2\u30bd\u30df\u30cd\u3055\u3093\u3067\u6f14\u594f\u3057\u307e\u3057\u305f\u3002\u51fa\u6f14\u3055\u308c\u305f\u65b9\u3005\u304b\u3089\u6e29\u304b\u3044\u8a00\u8449\u3092\u3044\u305f\u3060\u3051\u3066\u3001\u97f3\u697d\u3092\u3084\u3063\u3066\u3044\u3066\u672c\u5f53\u306b\u826f\u304b\u3063\u305f\u3068\u601d\u3044\u307e\u3057\u305f\u3002\u3044\u3064\u304b\u50d5\u3082\u4eca\u65e5\u4f1a\u3063\u305f\u30d0\u30f3\u30c9\u306e\u65b9\u3005\u306b\u8ca0\u3051\u306a\u3044\u304f\u3089\u3044\u304b\u3063\u3053\u3088\u304f\u306a\u308a\u307e\u3059\u306d\u3002\uff08by\u3061\u304b\u3089\uff09 <a href=\"https://t.co/OWUq1JnVTs\">pic.twitter.com/OWUq1JnVTs</a></p>&mdash; mosquitone (@mosquitone_info) <a href=\"https://twitter.com/mosquitone_info/status/1172905325252341763?ref_src=twsrc%5Etfw\">September 14, 2019</a></blockquote>\n<script async src=\"https://platform.twitter.com/widgets.js\" charset=\"utf-8\"></script>\n",
    "title": "",
    "author_name": "mosquitone",
    "provider_name": "Twitter",
    "thumbnail_url": null,
    "width": 550,
    "height": null,
    "last_updated": "2019-09-28T10:32:34.697Z"
  }
},
{
  "model": "wagtailcore.site",
  "pk": 1,
  "fields": {
    "hostname": "localhost",
    "port": 8000,
    "site_name": "mosquitone Official Site",
    "root_page": 3,
    "is_default_site": true
  }
},
{
  "model": "wagtailcore.collection",
  "pk": 1,
  "fields": {
    "path": "0001",
    "depth": 1,
    "numchild": 0,
    "name": "Root"
  }
},
{
  "model": "taggit.tag",
  "pk": 1,
  "fields": {
    "name": "\u30a2\u30fc\u5199",
    "slug": "axie"
  }
},
{
  "model": "taggit.tag",
  "pk": 2,
  "fields": {
    "name": "\u7d43\u592a\u6717\u3055\u3093",
    "slug": "xian-tai-lang-san"
  }
},
{
  "model": "taggit.tag",
  "pk": 3,
  "fields": {
    "name": "\u5bae\u5d0e\u3055\u3093",
    "slug": "gong-qi-san"
  }
},
{
  "model": "taggit.tag",
  "pk": 4,
  "fields": {
    "name": "\u529b\u3055\u3093",
    "slug": "li-san"
  }
},
{
  "model": "taggit.tag",
  "pk": 5,
  "fields": {
    "name": "\u5c71\u4e0b",
    "slug": "shan-xia"
  }
},
{
  "model": "taggit.tag",
  "pk": 6,
  "fields": {
    "name": "music",
    "slug": "music"
  }
},
{
  "model": "taggit.tag",
  "pk": 7,
  "fields": {
    "name": "site",
    "slug": "site"
  }
},
{
  "model": "taggit.tag",
  "pk": 8,
  "fields": {
    "name": "Art",
    "slug": "art"
  }
},
{
  "model": "taggit.tag",
  "pk": 9,
  "fields": {
    "name": "\u80cc\u666f",
    "slug": "bei-jing"
  }
},
{
  "model": "taggit.tag",
  "pk": 10,
  "fields": {
    "name": "\u3052\u3093\u305f\u308d\u3046\u3055\u3093",
    "slug": "gentarousan"
  }
},
{
  "model": "taggit.tag",
  "pk": 11,
  "fields": {
    "name": "\u529b",
    "slug": "li"
  }
},
{
  "model": "taggit.tag",
  "pk": 12,
  "fields": {
    "name": "artwork",
    "slug": "artwork"
  }
},
{
  "model": "taggit.tag",
  "pk": 13,
  "fields": {
    "name": "demo",
    "slug": "demo"
  }
},
{
  "model": "taggit.tag",
  "pk": 14,
  "fields": {
    "name": "live-report",
    "slug": "live-report"
  }
},
{
  "model": "taggit.tag",
  "pk": 15,
  "fields": {
    "name": "live",
    "slug": "live"
  }
},
{
  "model": "taggit.tag",
  "pk": 16,
  "fields": {
    "name": "gentarou",
    "slug": "gentarou"
  }
},
{
  "model": "taggit.taggeditem",
  "pk": 1,
  "fields": {
    "tag": 1,
    "content_type": [
      "wagtailimages",
      "image"
    ],
    "object_id": 1
  }
},
{
  "model": "taggit.taggeditem",
  "pk": 2,
  "fields": {
    "tag": 2,
    "content_type": [
      "wagtailimages",
      "image"
    ],
    "object_id": 3
  }
},
{
  "model": "taggit.taggeditem",
  "pk": 3,
  "fields": {
    "tag": 3,
    "content_type": [
      "wagtailimages",
      "image"
    ],
    "object_id": 4
  }
},
{
  "model": "taggit.taggeditem",
  "pk": 4,
  "fields": {
    "tag": 3,
    "content_type": [
      "wagtailimages",
      "image"
    ],
    "object_id": 5
  }
},
{
  "model": "taggit.taggeditem",
  "pk": 5,
  "fields": {
    "tag": 4,
    "content_type": [
      "wagtailimages",
      "image"
    ],
    "object_id": 6
  }
},
{
  "model": "taggit.taggeditem",
  "pk": 6,
  "fields": {
    "tag": 4,
    "content_type": [
      "wagtailimages",
      "image"
    ],
    "object_id": 7
  }
},
{
  "model": "taggit.taggeditem",
  "pk": 7,
  "fields": {
    "tag": 5,
    "content_type": [
      "wagtailimages",
      "image"
    ],
    "object_id": 8
  }
},
{
  "model": "taggit.taggeditem",
  "pk": 8,
  "fields": {
    "tag": 5,
    "content_type": [
      "wagtailimages",
      "image"
    ],
    "object_id": 9
  }
},
{
  "model": "taggit.taggeditem",
  "pk": 9,
  "fields": {
    "tag": 6,
    "content_type": [
      "wagtailimages",
      "image"
    ],
    "object_id": 10
  }
},
{
  "model": "taggit.taggeditem",
  "pk": 10,
  "fields": {
    "tag": 8,
    "content_type": [
      "wagtailimages",
      "image"
    ],
    "object_id": 11
  }
},
{
  "model": "taggit.taggeditem",
  "pk": 11,
  "fields": {
    "tag": 1,
    "content_type": [
      "wagtailimages",
      "image"
    ],
    "object_id": 12
  }
},
{
  "model": "taggit.taggeditem",
  "pk": 12,
  "fields": {
    "tag": 9,
    "content_type": [
      "wagtailimages",
      "image"
    ],
    "object_id": 12
  }
},
{
  "model": "taggit.taggeditem",
  "pk": 16,
  "fields": {
    "tag": 1,
    "content_type": [
      "wagtailimages",
      "image"
    ],
    "object_id": 15
  }
},
{
  "model": "taggit.taggeditem",
  "pk": 17,
  "fields": {
    "tag": 9,
    "content_type": [
      "wagtailimages",
      "image"
    ],
    "object_id": 15
  }
},
{
  "model": "taggit.taggeditem",
  "pk": 18,
  "fields": {
    "tag": 9,
    "content_type": [
      "wagtailimages",
      "image"
    ],
    "object_id": 16
  }
},
{
  "model": "taggit.taggeditem",
  "pk": 19,
  "fields": {
    "tag": 10,
    "content_type": [
      "wagtailimages",
      "image"
    ],
    "object_id": 16
  }
},
{
  "model": "taggit.taggeditem",
  "pk": 21,
  "fields": {
    "tag": 4,
    "content_type": [
      "wagtailimages",
      "image"
    ],
    "object_id": 18
  }
},
{
  "model": "taggit.taggeditem",
  "pk": 22,
  "fields": {
    "tag": 12,
    "content_type": [
      "wagtailimages",
      "image"
    ],
    "object_id": 19
  }
},
{
  "model": "taggit.taggeditem",
  "pk": 23,
  "fields": {
    "tag": 13,
    "content_type": [
      "wagtailimages",
      "image"
    ],
    "object_id": 24
  }
},
{
  "model": "taggit.taggeditem",
  "pk": 24,
  "fields": {
    "tag": 1,
    "content_type": [
      "wagtailimages",
      "image"
    ],
    "object_id": 13
  }
},
{
  "model": "taggit.taggeditem",
  "pk": 25,
  "fields": {
    "tag": 9,
    "content_type": [
      "wagtailimages",
      "image"
    ],
    "object_id": 13
  }
},
{
  "model": "taggit.taggeditem",
  "pk": 26,
  "fields": {
    "tag": 9,
    "content_type": [
      "wagtailimages",
      "image"
    ],
    "object_id": 14
  }
},
{
  "model": "taggit.taggeditem",
  "pk": 27,
  "fields": {
    "tag": 16,
    "content_type": [
      "wagtailimages",
      "image"
    ],
    "object_id": 25
  }
},
{
  "model": "taggit.taggeditem",
  "pk": 28,
  "fields": {
    "tag": 15,
    "content_type": [
      "wagtailimages",
      "image"
    ],
    "object_id": 25
  }
},
{
  "model": "taggit.taggeditem",
  "pk": 29,
  "fields": {
    "tag": 15,
    "content_type": [
      "wagtailimages",
      "image"
    ],
    "object_id": 26
  }
},
{
  "model": "auth.group",
  "pk": 1,
  "fields": {
    "name": "Moderators",
    "permissions": [
      [
        "access_admin",
        "wagtailadmin",
        "admin"
      ],
      [
        "add_document",
        "wagtaildocs",
        "document"
      ],
      [
        "change_document",
        "wagtaildocs",
        "document"
      ],
      [
        "delete_document",
        "wagtaildocs",
        "document"
      ],
      [
        "add_image",
        "wagtailimages",
        "image"
      ],
      [
        "change_image",
        "wagtailimages",
        "image"
      ],
      [
        "delete_image",
        "wagtailimages",
        "image"
      ]
    ]
  }
},
{
  "model": "auth.group",
  "pk": 2,
  "fields": {
    "name": "Editors",
    "permissions": [
      [
        "access_admin",
        "wagtailadmin",
        "admin"
      ],
      [
        "add_document",
        "wagtaildocs",
        "document"
      ],
      [
        "change_document",
        "wagtaildocs",
        "document"
      ],
      [
        "delete_document",
        "wagtaildocs",
        "document"
      ],
      [
        "add_image",
        "wagtailimages",
        "image"
      ],
      [
        "change_image",
        "wagtailimages",
        "image"
      ],
      [
        "delete_image",
        "wagtailimages",
        "image"
      ]
    ]
  }
},
{
  "model": "auth.user",
  "pk": 1,
  "fields": {
    "password": "pbkdf2_sha256$150000$CvMbqRXSZeoE$VJaDbvIokjWt5esWKj7Ko65Ss9gYK9J7biL0G6pK2xo=",
    "last_login": "2019-11-29T12:04:46.507Z",
    "is_superuser": true,
    "username": "yyamashita",
    "first_name": "",
    "last_name": "",
    "email": "",
    "is_staff": true,
    "is_active": true,
    "date_joined": "2019-08-09T16:22:13.779Z",
    "groups": [],
    "user_permissions": []
  }
},
{
  "model": "auth.user",
  "pk": 2,
  "fields": {
    "password": "pbkdf2_sha256$150000$o9t0wofKHPwf$gdfuBZMpg4XkeMnjfd5hhQTlkQOplX72c77zB8QYQLw=",
    "last_login": "2019-09-03T03:47:25.906Z",
    "is_superuser": true,
    "username": "gentarou",
    "first_name": "tsujimoto",
    "last_name": "gentarou",
    "email": "mosquitone8+gentarou@gmail.com",
    "is_staff": false,
    "is_active": true,
    "date_joined": "2019-08-09T18:04:11.515Z",
    "groups": [
      [
        "Moderators"
      ],
      [
        "Editors"
      ]
    ],
    "user_permissions": []
  }
},
{
  "model": "auth.user",
  "pk": 3,
  "fields": {
    "password": "pbkdf2_sha256$150000$oYfKRG2zXQtd$n2UCD/kTrKVCCUlXNYt8OaOZPfN6cXSN8diYt7uUi8g=",
    "last_login": "2019-09-03T09:58:30.720Z",
    "is_superuser": true,
    "username": "miyazaki",
    "first_name": "masanori",
    "last_name": "miyazaki",
    "email": "mosquitone8+miyazaki@gmail.com",
    "is_staff": false,
    "is_active": true,
    "date_joined": "2019-08-09T18:04:43.075Z",
    "groups": [
      [
        "Moderators"
      ],
      [
        "Editors"
      ]
    ],
    "user_permissions": []
  }
},
{
  "model": "auth.user",
  "pk": 4,
  "fields": {
    "password": "pbkdf2_sha256$150000$W6IORdD9ghGP$rqyzGpGswB4NT0VVLv7eMrqVS8trWQBW+AAiA61Uu1w=",
    "last_login": "2019-11-28T07:50:44.343Z",
    "is_superuser": true,
    "username": "chikara",
    "first_name": "chikara",
    "last_name": "utsumi",
    "email": "mosquitone8+chikara@gmail.com",
    "is_staff": false,
    "is_active": true,
    "date_joined": "2019-08-09T18:06:07.825Z",
    "groups": [
      [
        "Moderators"
      ],
      [
        "Editors"
      ]
    ],
    "user_permissions": []
  }
},
{
  "model": "wagtailcore.pagerevision",
  "pk": 1,
  "fields": {
    "page": 3,
    "submitted_for_moderation": false,
    "created_at": "2019-08-09T16:29:43.011Z",
    "user": [
      "yyamashita"
    ],
    "content_json": "{\"pk\": 3, \"path\": \"00010002\", \"depth\": 2, \"numchild\": 0, \"title\": \"Mosquitone\", \"draft_title\": \"Mosquitone\", \"slug\": \"mosquitone\", \"content_type\": 15, \"live\": true, \"has_unpublished_changes\": false, \"url_path\": \"/mosquitone/\", \"owner\": 1, \"seo_title\": \"mosquitone\", \"show_in_menus\": true, \"search_description\": \"Top Page\", \"go_live_at\": null, \"expire_at\": null, \"expired\": false, \"locked\": false, \"first_published_at\": null, \"last_published_at\": null, \"latest_revision_created_at\": null, \"live_revision\": null, \"body\": \"\"}",
    "approved_go_live_at": null
  }
},
{
  "model": "wagtailcore.pagerevision",
  "pk": 2,
  "fields": {
    "page": 4,
    "submitted_for_moderation": false,
    "created_at": "2019-08-09T16:32:26.799Z",
    "user": [
      "yyamashita"
    ],
    "content_json": "{\"pk\": 4, \"path\": \"000100020001\", \"depth\": 3, \"numchild\": 0, \"title\": \"Band\", \"draft_title\": \"Band\", \"slug\": \"band\", \"content_type\": 7, \"live\": true, \"has_unpublished_changes\": false, \"url_path\": \"/mosquitone/band/\", \"owner\": 1, \"seo_title\": \"Band\", \"show_in_menus\": true, \"search_description\": \"About us\", \"go_live_at\": null, \"expire_at\": null, \"expired\": false, \"locked\": false, \"first_published_at\": null, \"last_published_at\": null, \"latest_revision_created_at\": null, \"live_revision\": null, \"english_history\": \"\", \"japanese_history\": \"\", \"main_image\": 1}",
    "approved_go_live_at": null
  }
},
{
  "model": "wagtailcore.pagerevision",
  "pk": 3,
  "fields": {
    "page": 5,
    "submitted_for_moderation": false,
    "created_at": "2019-08-09T16:32:55.458Z",
    "user": [
      "yyamashita"
    ],
    "content_json": "{\"pk\": 5, \"path\": \"000100020002\", \"depth\": 3, \"numchild\": 0, \"title\": \"Contact\", \"draft_title\": \"Contact\", \"slug\": \"contact\", \"content_type\": 13, \"live\": true, \"has_unpublished_changes\": false, \"url_path\": \"/mosquitone/contact/\", \"owner\": 1, \"seo_title\": \"\", \"show_in_menus\": true, \"search_description\": \"contact information\", \"go_live_at\": null, \"expire_at\": null, \"expired\": false, \"locked\": false, \"first_published_at\": null, \"last_published_at\": null, \"latest_revision_created_at\": null, \"live_revision\": null}",
    "approved_go_live_at": null
  }
},
{
  "model": "wagtailcore.pagerevision",
  "pk": 4,
  "fields": {
    "page": 6,
    "submitted_for_moderation": false,
    "created_at": "2019-08-09T16:33:28.787Z",
    "user": [
      "yyamashita"
    ],
    "content_json": "{\"pk\": 6, \"path\": \"000100020003\", \"depth\": 3, \"numchild\": 0, \"title\": \"Music\", \"draft_title\": \"Music\", \"slug\": \"music\", \"content_type\": 16, \"live\": true, \"has_unpublished_changes\": false, \"url_path\": \"/mosquitone/music/\", \"owner\": 1, \"seo_title\": \"\", \"show_in_menus\": true, \"search_description\": \"music\", \"go_live_at\": null, \"expire_at\": null, \"expired\": false, \"locked\": false, \"first_published_at\": null, \"last_published_at\": null, \"latest_revision_created_at\": null, \"live_revision\": null, \"intro\": \"\"}",
    "approved_go_live_at": null
  }
},
{
  "model": "wagtailcore.pagerevision",
  "pk": 5,
  "fields": {
    "page": 7,
    "submitted_for_moderation": false,
    "created_at": "2019-08-09T16:33:58.252Z",
    "user": [
      "yyamashita"
    ],
    "content_json": "{\"pk\": 7, \"path\": \"000100020004\", \"depth\": 3, \"numchild\": 0, \"title\": \"News\", \"draft_title\": \"News\", \"slug\": \"news\", \"content_type\": 9, \"live\": true, \"has_unpublished_changes\": false, \"url_path\": \"/mosquitone/news/\", \"owner\": 1, \"seo_title\": \"\", \"show_in_menus\": true, \"search_description\": \"News(include Blog)\", \"go_live_at\": null, \"expire_at\": null, \"expired\": false, \"locked\": false, \"first_published_at\": null, \"last_published_at\": null, \"latest_revision_created_at\": null, \"live_revision\": null, \"intro\": \"\"}",
    "approved_go_live_at": null
  }
},
{
  "model": "wagtailcore.pagerevision",
  "pk": 6,
  "fields": {
    "page": 8,
    "submitted_for_moderation": false,
    "created_at": "2019-08-09T16:34:26.739Z",
    "user": [
      "yyamashita"
    ],
    "content_json": "{\"pk\": 8, \"path\": \"000100020005\", \"depth\": 3, \"numchild\": 0, \"title\": \"Sitemap\", \"draft_title\": \"Sitemap\", \"slug\": \"sitemap\", \"content_type\": 20, \"live\": true, \"has_unpublished_changes\": false, \"url_path\": \"/mosquitone/sitemap/\", \"owner\": 1, \"seo_title\": \"\", \"show_in_menus\": true, \"search_description\": \"sitemap\", \"go_live_at\": null, \"expire_at\": null, \"expired\": false, \"locked\": false, \"first_published_at\": null, \"last_published_at\": null, \"latest_revision_created_at\": null, \"live_revision\": null}",
    "approved_go_live_at": null
  }
},
{
  "model": "wagtailcore.pagerevision",
  "pk": 7,
  "fields": {
    "page": 9,
    "submitted_for_moderation": false,
    "created_at": "2019-08-09T16:35:13.775Z",
    "user": [
      "yyamashita"
    ],
    "content_json": "{\"pk\": 9, \"path\": \"000100020006\", \"depth\": 3, \"numchild\": 0, \"title\": \"Shows\", \"draft_title\": \"Shows\", \"slug\": \"shows\", \"content_type\": 22, \"live\": true, \"has_unpublished_changes\": false, \"url_path\": \"/mosquitone/shows/\", \"owner\": 1, \"seo_title\": \"\", \"show_in_menus\": true, \"search_description\": \"Tour and Show\", \"go_live_at\": null, \"expire_at\": null, \"expired\": false, \"locked\": false, \"first_published_at\": null, \"last_published_at\": null, \"latest_revision_created_at\": null, \"live_revision\": null}",
    "approved_go_live_at": null
  }
},
{
  "model": "wagtailcore.pagerevision",
  "pk": 8,
  "fields": {
    "page": 9,
    "submitted_for_moderation": false,
    "created_at": "2019-08-09T16:36:17.111Z",
    "user": [
      "yyamashita"
    ],
    "content_json": "{\"pk\": 9, \"path\": \"000100020006\", \"depth\": 3, \"numchild\": 0, \"title\": \"Shows\", \"draft_title\": \"Shows\", \"slug\": \"shows\", \"content_type\": 22, \"live\": true, \"has_unpublished_changes\": false, \"url_path\": \"/mosquitone/shows/\", \"owner\": 1, \"seo_title\": \"\", \"show_in_menus\": true, \"search_description\": \"Tour and Show\", \"go_live_at\": null, \"expire_at\": null, \"expired\": false, \"locked\": false, \"first_published_at\": \"2019-08-09T16:35:13.809Z\", \"last_published_at\": \"2019-08-09T16:35:13.809Z\", \"latest_revision_created_at\": \"2019-08-09T16:35:13.775Z\", \"live_revision\": 7}",
    "approved_go_live_at": null
  }
},
{
  "model": "wagtailcore.pagerevision",
  "pk": 9,
  "fields": {
    "page": 10,
    "submitted_for_moderation": false,
    "created_at": "2019-08-09T16:37:30.186Z",
    "user": [
      "yyamashita"
    ],
    "content_json": "{\"pk\": 10, \"path\": \"000100020007\", \"depth\": 3, \"numchild\": 0, \"title\": \"About site\", \"draft_title\": \"About site\", \"slug\": \"site\", \"content_type\": 24, \"live\": true, \"has_unpublished_changes\": false, \"url_path\": \"/mosquitone/site/\", \"owner\": 1, \"seo_title\": \"\", \"show_in_menus\": true, \"search_description\": \"About this site\", \"go_live_at\": null, \"expire_at\": null, \"expired\": false, \"locked\": false, \"first_published_at\": null, \"last_published_at\": null, \"latest_revision_created_at\": null, \"live_revision\": null}",
    "approved_go_live_at": null
  }
},
{
  "model": "wagtailcore.pagerevision",
  "pk": 10,
  "fields": {
    "page": 3,
    "submitted_for_moderation": false,
    "created_at": "2019-08-09T17:28:34.865Z",
    "user": [
      "yyamashita"
    ],
    "content_json": "{\"pk\": 3, \"path\": \"00010002\", \"depth\": 2, \"numchild\": 7, \"title\": \"Mosquitone\", \"draft_title\": \"Mosquitone\", \"slug\": \"home\", \"content_type\": 15, \"live\": true, \"has_unpublished_changes\": false, \"url_path\": \"/mosquitone/\", \"owner\": 1, \"seo_title\": \"mosquitone\", \"show_in_menus\": true, \"search_description\": \"Top Page\", \"go_live_at\": null, \"expire_at\": null, \"expired\": false, \"locked\": false, \"first_published_at\": \"2019-08-09T16:29:43.057Z\", \"last_published_at\": \"2019-08-09T16:29:43.057Z\", \"latest_revision_created_at\": \"2019-08-09T16:29:43.011Z\", \"live_revision\": 1, \"body\": \"\"}",
    "approved_go_live_at": null
  }
},
{
  "model": "wagtailcore.pagerevision",
  "pk": 11,
  "fields": {
    "page": 11,
    "submitted_for_moderation": false,
    "created_at": "2019-08-09T17:51:33.805Z",
    "user": [
      "yyamashita"
    ],
    "content_json": "{\"pk\": 11, \"path\": \"0001000200030001\", \"depth\": 4, \"numchild\": 0, \"title\": \"Demo#1\", \"draft_title\": \"Demo#1\", \"slug\": \"demo1\", \"content_type\": 17, \"live\": true, \"has_unpublished_changes\": false, \"url_path\": \"/home/music/demo1/\", \"owner\": 1, \"seo_title\": \"\", \"show_in_menus\": false, \"search_description\": \"\", \"go_live_at\": null, \"expire_at\": null, \"expired\": false, \"locked\": false, \"first_published_at\": null, \"last_published_at\": null, \"latest_revision_created_at\": null, \"live_revision\": null, \"release_date\": \"2019-08-30\", \"copy\": \"Our first demo\", \"description\": \"\", \"artwork\": 10, \"tracks\": [{\"pk\": 1, \"sort_order\": 0, \"page\": 11, \"title\": \"My sadness\", \"duration\": \"00:04:00\"}, {\"pk\": 2, \"sort_order\": 1, \"page\": 11, \"title\": \"Keep going forward\", \"duration\": \"00:03:50\"}]}",
    "approved_go_live_at": null
  }
},
{
  "model": "wagtailcore.pagerevision",
  "pk": 12,
  "fields": {
    "page": 12,
    "submitted_for_moderation": false,
    "created_at": "2019-08-09T17:57:22.601Z",
    "user": [
      "yyamashita"
    ],
    "content_json": "{\"pk\": 12, \"path\": \"0001000200040001\", \"depth\": 4, \"numchild\": 0, \"title\": \"mosquitone \\u516c\\u5f0f\\u30b5\\u30a4\\u30c8\\u3092\\u516c\\u958b\\u3057\\u307e\\u3057\\u305f\", \"draft_title\": \"mosquitone \\u516c\\u5f0f\\u30b5\\u30a4\\u30c8\\u3092\\u516c\\u958b\\u3057\\u307e\\u3057\\u305f\", \"slug\": \"mosquitone-\\u516c\\u5f0f\\u30b5\\u30a4\\u30c8\\u3092\\u516c\\u958b\\u3057\\u307e\\u3057\\u305f\", \"content_type\": 10, \"live\": true, \"has_unpublished_changes\": false, \"url_path\": \"/home/news/mosquitone-\\u516c\\u5f0f\\u30b5\\u30a4\\u30c8\\u3092\\u516c\\u958b\\u3057\\u307e\\u3057\\u305f/\", \"owner\": 1, \"seo_title\": \"\", \"show_in_menus\": false, \"search_description\": \"\", \"go_live_at\": null, \"expire_at\": null, \"expired\": false, \"locked\": false, \"first_published_at\": null, \"last_published_at\": null, \"latest_revision_created_at\": null, \"live_revision\": null, \"date\": \"2019-08-30\", \"intro\": \"\\u3053\\u306e\\u5ea6 mosquitone \\u304c\\u516c\\u5f0f\\u30b5\\u30a4\\u30c8\\u3092\\u516c\\u958b\\u3057\\u307e\\u3057\\u305f\\u3053\\u3068\\u3092\\u304a\\u77e5\\u3089\\u305b\\u3044\\u305f\\u3057\\u307e\\u3059\\u3002\", \"body\": \"<p>\\u3053\\u306e\\u5ea6 mosquitone \\u304c <a id=\\\"3\\\" linktype=\\\"page\\\">\\u516c\\u5f0f\\u30b5\\u30a4\\u30c8</a> \\u3092\\u516c\\u958b\\u3057\\u307e\\u3057\\u305f\\u3002</p><p>\\u3053\\u306e\\u30b5\\u30a4\\u30c8\\u306f <a id=\\\"9\\\" linktype=\\\"page\\\">\\u30e9\\u30a4\\u30d6\\u60c5\\u5831</a> \\u3084 <a id=\\\"6\\\" linktype=\\\"page\\\">\\u97f3\\u6e90</a> \\u306a\\u3069\\u3001mosquitone \\u306e\\u69d8\\u3005\\u306a\\u6d3b\\u52d5\\u30fb\\u60c5\\u5831\\u3092\\u767a\\u4fe1\\u3059\\u308b\\u30dd\\u30fc\\u30bf\\u30eb\\u3067\\u3059\\u3002</p><p>\\u4eca\\u307e\\u3067\\u60c5\\u5831\\u3092\\u767a\\u4fe1\\u3057\\u3066\\u304d\\u307e\\u3057\\u305f <a id=\\\"5\\\" linktype=\\\"page\\\">SNS</a> \\b\\u3082\\u3001\\u4eca\\u5ea6\\u3068\\u3082\\u66f4\\u65b0\\u3057\\u3066\\u53c2\\u308a\\u307e\\u3059\\u306e\\u3067\\u3001<br/>\\u305d\\u3061\\u3089\\u3082\\u4f75\\u305b\\u3066\\u3001\\u3054\\u53c2\\u7167\\u304f\\u3060\\u3055\\u3044\\u307e\\u305b\\u3002</p>\", \"author\": null, \"tagged_items\": [{\"pk\": 1, \"tag\": 7, \"content_object\": 12}], \"gallery_images\": [], \"categories\": []}",
    "approved_go_live_at": null
  }
},
{
  "model": "wagtailcore.pagerevision",
  "pk": 13,
  "fields": {
    "page": 4,
    "submitted_for_moderation": false,
    "created_at": "2019-08-10T05:40:55.285Z",
    "user": [
      "yyamashita"
    ],
    "content_json": "{\"pk\": 4, \"path\": \"000100020001\", \"depth\": 3, \"numchild\": 0, \"title\": \"About us\", \"draft_title\": \"Band\", \"slug\": \"band\", \"content_type\": 7, \"live\": true, \"has_unpublished_changes\": false, \"url_path\": \"/home/band/\", \"owner\": 1, \"seo_title\": \"Band\", \"show_in_menus\": true, \"search_description\": \"About us\", \"go_live_at\": null, \"expire_at\": null, \"expired\": false, \"locked\": false, \"first_published_at\": \"2019-08-09T16:32:26.832Z\", \"last_published_at\": \"2019-08-09T16:32:26.832Z\", \"latest_revision_created_at\": \"2019-08-09T16:32:26.799Z\", \"live_revision\": 2, \"english_history\": \"\", \"japanese_history\": \"\", \"main_image\": 1}",
    "approved_go_live_at": null
  }
},
{
  "model": "wagtailcore.pagerevision",
  "pk": 15,
  "fields": {
    "page": 12,
    "submitted_for_moderation": false,
    "created_at": "2019-08-12T05:55:33.704Z",
    "user": [
      "yyamashita"
    ],
    "content_json": "{\"pk\": 12, \"path\": \"0001000200040001\", \"depth\": 4, \"numchild\": 0, \"title\": \"mosquitone \\u516c\\u5f0f\\u30b5\\u30a4\\u30c8\\u3092\\u516c\\u958b\\u3057\\u307e\\u3057\\u305f\", \"draft_title\": \"mosquitone \\u516c\\u5f0f\\u30b5\\u30a4\\u30c8\\u3092\\u516c\\u958b\\u3057\\u307e\\u3057\\u305f\", \"slug\": \"mosquitone-\\u516c\\u5f0f\\u30b5\\u30a4\\u30c8\\u3092\\u516c\\u958b\\u3057\\u307e\\u3057\\u305f\", \"content_type\": 10, \"live\": true, \"has_unpublished_changes\": false, \"url_path\": \"/home/news/mosquitone-\\u516c\\u5f0f\\u30b5\\u30a4\\u30c8\\u3092\\u516c\\u958b\\u3057\\u307e\\u3057\\u305f/\", \"owner\": 1, \"seo_title\": \"\", \"show_in_menus\": false, \"search_description\": \"\", \"go_live_at\": null, \"expire_at\": null, \"expired\": false, \"locked\": false, \"first_published_at\": \"2019-08-09T17:57:22.638Z\", \"last_published_at\": \"2019-08-09T17:57:22.638Z\", \"latest_revision_created_at\": \"2019-08-09T17:57:22.601Z\", \"live_revision\": 12, \"date\": \"2019-08-11\", \"intro\": \"\\u3053\\u306e\\u5ea6 mosquitone \\u304c\\u516c\\u5f0f\\u30b5\\u30a4\\u30c8\\u3092\\u516c\\u958b\\u3057\\u307e\\u3057\\u305f\\u3053\\u3068\\u3092\\u304a\\u77e5\\u3089\\u305b\\u3044\\u305f\\u3057\\u307e\\u3059\\u3002\", \"body\": \"<p>\\u3053\\u306e\\u5ea6 mosquitone \\u304c <a id=\\\"3\\\" linktype=\\\"page\\\">\\u516c\\u5f0f\\u30b5\\u30a4\\u30c8</a> \\u3092\\u516c\\u958b\\u3057\\u307e\\u3057\\u305f\\u3002</p><p>\\u3053\\u306e\\u30b5\\u30a4\\u30c8\\u306f <a id=\\\"9\\\" linktype=\\\"page\\\">\\u30e9\\u30a4\\u30d6\\u60c5\\u5831</a> \\u3084 <a id=\\\"6\\\" linktype=\\\"page\\\">\\u97f3\\u6e90</a> \\u306a\\u3069\\u3001mosquitone \\u306e\\u69d8\\u3005\\u306a\\u6d3b\\u52d5\\u30fb\\u60c5\\u5831\\u3092\\u767a\\u4fe1\\u3059\\u308b\\u30dd\\u30fc\\u30bf\\u30eb\\u3067\\u3059\\u3002</p><p>\\u4eca\\u307e\\u3067\\u60c5\\u5831\\u3092\\u767a\\u4fe1\\u3057\\u3066\\u304d\\u307e\\u3057\\u305f <a id=\\\"5\\\" linktype=\\\"page\\\">SNS</a> \\b\\u3082\\u3001\\u4eca\\u5ea6\\u3068\\u3082\\u66f4\\u65b0\\u3057\\u3066\\u53c2\\u308a\\u307e\\u3059\\u306e\\u3067\\u3001<br/>\\u305d\\u3061\\u3089\\u3082\\u4f75\\u305b\\u3066\\u3001\\u3054\\u53c2\\u7167\\u304f\\u3060\\u3055\\u3044\\u307e\\u305b\\u3002</p>\", \"author\": null, \"tagged_items\": [{\"pk\": null, \"tag\": 7, \"content_object\": 12}], \"gallery_images\": [], \"categories\": []}",
    "approved_go_live_at": null
  }
},
{
  "model": "wagtailcore.pagerevision",
  "pk": 16,
  "fields": {
    "page": 11,
    "submitted_for_moderation": false,
    "created_at": "2019-08-14T02:48:31.705Z",
    "user": [
      "yyamashita"
    ],
    "content_json": "{\"pk\": 11, \"path\": \"0001000200030001\", \"depth\": 4, \"numchild\": 0, \"title\": \"Demo#1\", \"draft_title\": \"Demo#1\", \"slug\": \"demo1\", \"content_type\": 17, \"live\": true, \"has_unpublished_changes\": false, \"url_path\": \"/home/music/demo1/\", \"owner\": 1, \"seo_title\": \"\", \"show_in_menus\": false, \"search_description\": \"\", \"go_live_at\": null, \"expire_at\": null, \"expired\": false, \"locked\": false, \"first_published_at\": \"2019-08-09T17:51:33.847Z\", \"last_published_at\": \"2019-08-09T17:51:33.847Z\", \"latest_revision_created_at\": \"2019-08-09T17:51:33.805Z\", \"live_revision\": 11, \"release_date\": \"2019-08-30\", \"copy\": \"Our first demo\", \"description\": \"\", \"artwork\": 11, \"tracks\": [{\"pk\": 1, \"sort_order\": 0, \"page\": 11, \"title\": \"My sadness\", \"duration\": \"00:04:00\"}, {\"pk\": 2, \"sort_order\": 1, \"page\": 11, \"title\": \"Keep going forward\", \"duration\": \"00:03:50\"}]}",
    "approved_go_live_at": null
  }
},
{
  "model": "wagtailcore.pagerevision",
  "pk": 17,
  "fields": {
    "page": 3,
    "submitted_for_moderation": false,
    "created_at": "2019-08-14T14:30:54.365Z",
    "user": [
      "yyamashita"
    ],
    "content_json": "{\"pk\": 3, \"path\": \"00010002\", \"depth\": 2, \"numchild\": 7, \"title\": \"Mosquitone\", \"draft_title\": \"Mosquitone\", \"slug\": \"home\", \"content_type\": 15, \"live\": true, \"has_unpublished_changes\": false, \"url_path\": \"/home/\", \"owner\": 1, \"seo_title\": \"mosquitone\", \"show_in_menus\": true, \"search_description\": \"Top Page\", \"go_live_at\": null, \"expire_at\": null, \"expired\": false, \"locked\": false, \"first_published_at\": \"2019-08-09T16:29:43.057Z\", \"last_published_at\": \"2019-08-09T17:28:34.927Z\", \"latest_revision_created_at\": \"2019-08-09T17:28:34.865Z\", \"live_revision\": 10, \"body\": \"\", \"background_image\": 12}",
    "approved_go_live_at": null
  }
},
{
  "model": "wagtailcore.pagerevision",
  "pk": 18,
  "fields": {
    "page": 4,
    "submitted_for_moderation": false,
    "created_at": "2019-08-14T14:32:02.579Z",
    "user": [
      "yyamashita"
    ],
    "content_json": "{\"pk\": 4, \"path\": \"000100020001\", \"depth\": 3, \"numchild\": 0, \"title\": \"About us\", \"draft_title\": \"About us\", \"slug\": \"band\", \"content_type\": 7, \"live\": true, \"has_unpublished_changes\": false, \"url_path\": \"/home/band/\", \"owner\": 1, \"seo_title\": \"Band\", \"show_in_menus\": true, \"search_description\": \"About us\", \"go_live_at\": null, \"expire_at\": null, \"expired\": false, \"locked\": false, \"first_published_at\": \"2019-08-09T16:32:26.832Z\", \"last_published_at\": \"2019-08-10T05:40:55.365Z\", \"latest_revision_created_at\": \"2019-08-10T05:40:55.285Z\", \"live_revision\": 13, \"english_history\": \"\", \"japanese_history\": \"\", \"main_image\": 1, \"background_image\": 13}",
    "approved_go_live_at": null
  }
},
{
  "model": "wagtailcore.pagerevision",
  "pk": 19,
  "fields": {
    "page": 9,
    "submitted_for_moderation": false,
    "created_at": "2019-08-14T14:32:30.079Z",
    "user": [
      "yyamashita"
    ],
    "content_json": "{\"pk\": 9, \"path\": \"000100020006\", \"depth\": 3, \"numchild\": 0, \"title\": \"Shows\", \"draft_title\": \"Shows\", \"slug\": \"shows\", \"content_type\": 22, \"live\": true, \"has_unpublished_changes\": false, \"url_path\": \"/home/shows/\", \"owner\": 1, \"seo_title\": \"\", \"show_in_menus\": true, \"search_description\": \"Tour and Show\", \"go_live_at\": null, \"expire_at\": null, \"expired\": false, \"locked\": false, \"first_published_at\": \"2019-08-09T16:35:13.809Z\", \"last_published_at\": \"2019-08-09T16:36:17.149Z\", \"latest_revision_created_at\": \"2019-08-09T16:36:17.111Z\", \"live_revision\": 8, \"background_image\": 14}",
    "approved_go_live_at": null
  }
},
{
  "model": "wagtailcore.pagerevision",
  "pk": 20,
  "fields": {
    "page": 7,
    "submitted_for_moderation": false,
    "created_at": "2019-08-14T14:33:18.841Z",
    "user": [
      "yyamashita"
    ],
    "content_json": "{\"pk\": 7, \"path\": \"000100020004\", \"depth\": 3, \"numchild\": 2, \"title\": \"News\", \"draft_title\": \"News\", \"slug\": \"news\", \"content_type\": 9, \"live\": true, \"has_unpublished_changes\": false, \"url_path\": \"/home/news/\", \"owner\": 1, \"seo_title\": \"\", \"show_in_menus\": true, \"search_description\": \"News(include Blog)\", \"go_live_at\": null, \"expire_at\": null, \"expired\": false, \"locked\": false, \"first_published_at\": \"2019-08-09T16:33:58.310Z\", \"last_published_at\": \"2019-08-09T16:33:58.310Z\", \"latest_revision_created_at\": \"2019-08-09T16:33:58.252Z\", \"live_revision\": 5, \"intro\": \"\", \"background_image\": 15}",
    "approved_go_live_at": null
  }
},
{
  "model": "wagtailcore.pagerevision",
  "pk": 21,
  "fields": {
    "page": 5,
    "submitted_for_moderation": false,
    "created_at": "2019-08-14T14:33:30.403Z",
    "user": [
      "yyamashita"
    ],
    "content_json": "{\"pk\": 5, \"path\": \"000100020002\", \"depth\": 3, \"numchild\": 0, \"title\": \"Contact\", \"draft_title\": \"Contact\", \"slug\": \"contact\", \"content_type\": 13, \"live\": true, \"has_unpublished_changes\": false, \"url_path\": \"/home/contact/\", \"owner\": 1, \"seo_title\": \"\", \"show_in_menus\": true, \"search_description\": \"contact information\", \"go_live_at\": null, \"expire_at\": null, \"expired\": false, \"locked\": false, \"first_published_at\": \"2019-08-09T16:32:55.493Z\", \"last_published_at\": \"2019-08-09T16:32:55.493Z\", \"latest_revision_created_at\": \"2019-08-09T16:32:55.458Z\", \"live_revision\": 3, \"main_image\": 12}",
    "approved_go_live_at": null
  }
},
{
  "model": "wagtailcore.pagerevision",
  "pk": 22,
  "fields": {
    "page": 3,
    "submitted_for_moderation": false,
    "created_at": "2019-08-16T17:16:44.982Z",
    "user": [
      "yyamashita"
    ],
    "content_json": "{\"pk\": 3, \"path\": \"00010002\", \"depth\": 2, \"numchild\": 7, \"title\": \"Mosquitone\", \"draft_title\": \"Mosquitone\", \"slug\": \"home\", \"content_type\": 15, \"live\": true, \"has_unpublished_changes\": false, \"url_path\": \"/home/\", \"owner\": 1, \"seo_title\": \"mosquitone\", \"show_in_menus\": true, \"search_description\": \"\\u6771\\u4eac\\u767a\\u30a8\\u30e2\\u30d0\\u30f3\\u30c9 mosquitone (\\u3082\\u3059\\u304d\\u30fc\\u3068\\u30fc\\u3093) \\u306e\\u516c\\u5f0f\\u30da\\u30fc\\u30b8\\u3067\\u3059\\u3002\\r\\nKeep going forward.\", \"go_live_at\": null, \"expire_at\": null, \"expired\": false, \"locked\": false, \"first_published_at\": \"2019-08-09T16:29:43.057Z\", \"last_published_at\": \"2019-08-14T14:30:54.424Z\", \"latest_revision_created_at\": \"2019-08-14T14:30:54.365Z\", \"live_revision\": 17, \"body\": \"\", \"background_image\": 12}",
    "approved_go_live_at": null
  }
},
{
  "model": "wagtailcore.pagerevision",
  "pk": 23,
  "fields": {
    "page": 5,
    "submitted_for_moderation": false,
    "created_at": "2019-08-16T17:17:40.335Z",
    "user": [
      "yyamashita"
    ],
    "content_json": "{\"pk\": 5, \"path\": \"000100020002\", \"depth\": 3, \"numchild\": 0, \"title\": \"Contact\", \"draft_title\": \"Contact\", \"slug\": \"contact\", \"content_type\": 13, \"live\": true, \"has_unpublished_changes\": false, \"url_path\": \"/home/contact/\", \"owner\": 1, \"seo_title\": \"Contact\", \"show_in_menus\": true, \"search_description\": \"Contact information.\\r\\n- Mail\\r\\n- SNS\", \"go_live_at\": null, \"expire_at\": null, \"expired\": false, \"locked\": false, \"first_published_at\": \"2019-08-09T16:32:55.493Z\", \"last_published_at\": \"2019-08-14T14:33:30.474Z\", \"latest_revision_created_at\": \"2019-08-14T14:33:30.403Z\", \"live_revision\": 21, \"main_image\": 12}",
    "approved_go_live_at": null
  }
},
{
  "model": "wagtailcore.pagerevision",
  "pk": 24,
  "fields": {
    "page": 5,
    "submitted_for_moderation": false,
    "created_at": "2019-08-16T17:18:53.213Z",
    "user": [
      "yyamashita"
    ],
    "content_json": "{\"pk\": 5, \"path\": \"000100020002\", \"depth\": 3, \"numchild\": 0, \"title\": \"Contact\", \"draft_title\": \"Contact\", \"slug\": \"contact\", \"content_type\": 13, \"live\": true, \"has_unpublished_changes\": false, \"url_path\": \"/home/contact/\", \"owner\": 1, \"seo_title\": \"Contact\", \"show_in_menus\": true, \"search_description\": \"Contact information (\\u9023\\u7d61\\u5148).\\r\\n\\u30e9\\u30a4\\u30d6\\u51fa\\u6f14\\u4f9d\\u983c\\u3001 \\u304a\\u554f\\u3044\\u5408\\u308f\\u305b\\u5148 \\u60c5\\u5831\\u3067\\u3059\\u3002\\r\\n- Mail\\r\\n- SNS\", \"go_live_at\": null, \"expire_at\": null, \"expired\": false, \"locked\": false, \"first_published_at\": \"2019-08-09T16:32:55.493Z\", \"last_published_at\": \"2019-08-16T17:17:40.389Z\", \"latest_revision_created_at\": \"2019-08-16T17:17:40.335Z\", \"live_revision\": 23, \"main_image\": 12}",
    "approved_go_live_at": null
  }
},
{
  "model": "wagtailcore.pagerevision",
  "pk": 25,
  "fields": {
    "page": 9,
    "submitted_for_moderation": false,
    "created_at": "2019-08-16T17:20:03.929Z",
    "user": [
      "yyamashita"
    ],
    "content_json": "{\"pk\": 9, \"path\": \"000100020006\", \"depth\": 3, \"numchild\": 0, \"title\": \"Shows\", \"draft_title\": \"Shows\", \"slug\": \"shows\", \"content_type\": 22, \"live\": true, \"has_unpublished_changes\": false, \"url_path\": \"/home/shows/\", \"owner\": 1, \"seo_title\": \"Show & Tours\", \"show_in_menus\": true, \"search_description\": \"\\u30e9\\u30a4\\u30d6\\u60c5\\u5831 (Show, Tour, Gigs Live) \\u3067\\u3059\\u3002\", \"go_live_at\": null, \"expire_at\": null, \"expired\": false, \"locked\": false, \"first_published_at\": \"2019-08-09T16:35:13.809Z\", \"last_published_at\": \"2019-08-14T14:32:30.138Z\", \"latest_revision_created_at\": \"2019-08-14T14:32:30.079Z\", \"live_revision\": 19, \"background_image\": 14}",
    "approved_go_live_at": null
  }
},
{
  "model": "wagtailcore.pagerevision",
  "pk": 26,
  "fields": {
    "page": 4,
    "submitted_for_moderation": false,
    "created_at": "2019-08-16T17:22:07.320Z",
    "user": [
      "yyamashita"
    ],
    "content_json": "{\"pk\": 4, \"path\": \"000100020001\", \"depth\": 3, \"numchild\": 0, \"title\": \"About us\", \"draft_title\": \"About us\", \"slug\": \"band\", \"content_type\": 7, \"live\": true, \"has_unpublished_changes\": false, \"url_path\": \"/home/band/\", \"owner\": 1, \"seo_title\": \"About us (Band)\", \"show_in_menus\": true, \"search_description\": \"mosquitone \\u306e\\u6b74\\u53f2 (History)\\u3001\\u30e1\\u30f3\\u30d0\\u30fc (Members) \\u60c5\\u5831\\u306a\\u3069\\u3092\\u8aac\\u660e\\u3057\\u307e\\u3059\\u3002\", \"go_live_at\": null, \"expire_at\": null, \"expired\": false, \"locked\": false, \"first_published_at\": \"2019-08-09T16:32:26.832Z\", \"last_published_at\": \"2019-08-14T14:32:02.641Z\", \"latest_revision_created_at\": \"2019-08-14T14:32:02.579Z\", \"live_revision\": 18, \"english_history\": \"\", \"japanese_history\": \"\", \"main_image\": 1, \"background_image\": 13}",
    "approved_go_live_at": null
  }
},
{
  "model": "wagtailcore.pagerevision",
  "pk": 27,
  "fields": {
    "page": 9,
    "submitted_for_moderation": false,
    "created_at": "2019-08-16T17:22:31.903Z",
    "user": [
      "yyamashita"
    ],
    "content_json": "{\"pk\": 9, \"path\": \"000100020006\", \"depth\": 3, \"numchild\": 0, \"title\": \"Shows\", \"draft_title\": \"Shows\", \"slug\": \"shows\", \"content_type\": 22, \"live\": true, \"has_unpublished_changes\": false, \"url_path\": \"/home/shows/\", \"owner\": 1, \"seo_title\": \"Show & Tours\", \"show_in_menus\": true, \"search_description\": \"mosquitone \\u306e\\u30e9\\u30a4\\u30d6\\u60c5\\u5831 (Show, Tour, Gigs Live) \\u3067\\u3059\\u3002\", \"go_live_at\": null, \"expire_at\": null, \"expired\": false, \"locked\": false, \"first_published_at\": \"2019-08-09T16:35:13.809Z\", \"last_published_at\": \"2019-08-16T17:20:03.983Z\", \"latest_revision_created_at\": \"2019-08-16T17:20:03.929Z\", \"live_revision\": 25, \"background_image\": 14}",
    "approved_go_live_at": null
  }
},
{
  "model": "wagtailcore.pagerevision",
  "pk": 28,
  "fields": {
    "page": 5,
    "submitted_for_moderation": false,
    "created_at": "2019-08-16T17:22:55.748Z",
    "user": [
      "yyamashita"
    ],
    "content_json": "{\"pk\": 5, \"path\": \"000100020002\", \"depth\": 3, \"numchild\": 0, \"title\": \"Contact\", \"draft_title\": \"Contact\", \"slug\": \"contact\", \"content_type\": 13, \"live\": true, \"has_unpublished_changes\": false, \"url_path\": \"/home/contact/\", \"owner\": 1, \"seo_title\": \"Contact\", \"show_in_menus\": true, \"search_description\": \"Contact information (\\u9023\\u7d61\\u5148).\\r\\nmosquitone \\u306e \\u30e9\\u30a4\\u30d6\\u51fa\\u6f14\\u4f9d\\u983c  \\u304a\\u554f\\u3044\\u5408\\u308f\\u305b\\u5148 \\u60c5\\u5831\\u3067\\u3059\\u3002\\r\\n- Mail\\r\\n- SNS\", \"go_live_at\": null, \"expire_at\": null, \"expired\": false, \"locked\": false, \"first_published_at\": \"2019-08-09T16:32:55.493Z\", \"last_published_at\": \"2019-08-16T17:18:53.269Z\", \"latest_revision_created_at\": \"2019-08-16T17:18:53.213Z\", \"live_revision\": 24, \"main_image\": 12}",
    "approved_go_live_at": null
  }
},
{
  "model": "wagtailcore.pagerevision",
  "pk": 29,
  "fields": {
    "page": 7,
    "submitted_for_moderation": false,
    "created_at": "2019-08-16T17:23:32.239Z",
    "user": [
      "yyamashita"
    ],
    "content_json": "{\"pk\": 7, \"path\": \"000100020004\", \"depth\": 3, \"numchild\": 2, \"title\": \"News\", \"draft_title\": \"News\", \"slug\": \"news\", \"content_type\": 9, \"live\": true, \"has_unpublished_changes\": false, \"url_path\": \"/home/news/\", \"owner\": 1, \"seo_title\": \"News\", \"show_in_menus\": true, \"search_description\": \"mosquitone \\u306e\\u30cb\\u30e5\\u30fc\\u30b9 (\\u30d6\\u30ed\\u30b0\\u3092\\u542b\\u3080) \\u3092\\u767a\\u4fe1\\u3057\\u307e\\u3059\\u3002\", \"go_live_at\": null, \"expire_at\": null, \"expired\": false, \"locked\": false, \"first_published_at\": \"2019-08-09T16:33:58.310Z\", \"last_published_at\": \"2019-08-14T14:33:18.904Z\", \"latest_revision_created_at\": \"2019-08-14T14:33:18.841Z\", \"live_revision\": 20, \"intro\": \"\", \"background_image\": 15}",
    "approved_go_live_at": null
  }
},
{
  "model": "wagtailcore.pagerevision",
  "pk": 30,
  "fields": {
    "page": 7,
    "submitted_for_moderation": false,
    "created_at": "2019-08-16T17:23:53.535Z",
    "user": [
      "yyamashita"
    ],
    "content_json": "{\"pk\": 7, \"path\": \"000100020004\", \"depth\": 3, \"numchild\": 2, \"title\": \"News\", \"draft_title\": \"News\", \"slug\": \"news\", \"content_type\": 9, \"live\": true, \"has_unpublished_changes\": false, \"url_path\": \"/home/news/\", \"owner\": 1, \"seo_title\": \"News\", \"show_in_menus\": true, \"search_description\": \"mosquitone \\u306e\\u30cb\\u30e5\\u30fc\\u30b9 (\\u30d6\\u30ed\\u30b0\\u3092\\u542b\\u3080) \\u30da\\u30fc\\u30b8\\u3067\\u3059\\u3002\", \"go_live_at\": null, \"expire_at\": null, \"expired\": false, \"locked\": false, \"first_published_at\": \"2019-08-09T16:33:58.310Z\", \"last_published_at\": \"2019-08-16T17:23:32.297Z\", \"latest_revision_created_at\": \"2019-08-16T17:23:32.239Z\", \"live_revision\": 29, \"intro\": \"\", \"background_image\": 15}",
    "approved_go_live_at": null
  }
},
{
  "model": "wagtailcore.pagerevision",
  "pk": 31,
  "fields": {
    "page": 10,
    "submitted_for_moderation": false,
    "created_at": "2019-08-16T17:24:28.289Z",
    "user": [
      "yyamashita"
    ],
    "content_json": "{\"pk\": 10, \"path\": \"000100020007\", \"depth\": 3, \"numchild\": 0, \"title\": \"About site\", \"draft_title\": \"About site\", \"slug\": \"site\", \"content_type\": 24, \"live\": true, \"has_unpublished_changes\": false, \"url_path\": \"/home/site/\", \"owner\": 1, \"seo_title\": \"About site\", \"show_in_menus\": true, \"search_description\": \"mosquitone \\u516c\\u5f0f\\u30da\\u30fc\\u30b8 (www.mosquit.one) \\u306e\\u8aac\\u660e\\u3067\\u3059\\u3002\", \"go_live_at\": null, \"expire_at\": null, \"expired\": false, \"locked\": false, \"first_published_at\": \"2019-08-09T16:37:30.235Z\", \"last_published_at\": \"2019-08-09T16:37:30.235Z\", \"latest_revision_created_at\": \"2019-08-09T16:37:30.186Z\", \"live_revision\": 9}",
    "approved_go_live_at": null
  }
},
{
  "model": "wagtailcore.pagerevision",
  "pk": 32,
  "fields": {
    "page": 8,
    "submitted_for_moderation": false,
    "created_at": "2019-08-16T17:24:56.632Z",
    "user": [
      "yyamashita"
    ],
    "content_json": "{\"pk\": 8, \"path\": \"000100020005\", \"depth\": 3, \"numchild\": 0, \"title\": \"Sitemap\", \"draft_title\": \"Sitemap\", \"slug\": \"sitemap\", \"content_type\": 20, \"live\": true, \"has_unpublished_changes\": false, \"url_path\": \"/home/sitemap/\", \"owner\": 1, \"seo_title\": \"Sitemap\", \"show_in_menus\": true, \"search_description\": \"\\u30b5\\u30a4\\u30c8\\u30de\\u30c3\\u30d7(\\u30da\\u30fc\\u30b8\\u4e00\\u89a7)\\u3067\\u3059\\u3002\", \"go_live_at\": null, \"expire_at\": null, \"expired\": false, \"locked\": false, \"first_published_at\": \"2019-08-09T16:34:26.771Z\", \"last_published_at\": \"2019-08-09T16:34:26.771Z\", \"latest_revision_created_at\": \"2019-08-09T16:34:26.739Z\", \"live_revision\": 6}",
    "approved_go_live_at": null
  }
},
{
  "model": "wagtailcore.pagerevision",
  "pk": 33,
  "fields": {
    "page": 6,
    "submitted_for_moderation": false,
    "created_at": "2019-08-16T17:25:33.779Z",
    "user": [
      "yyamashita"
    ],
    "content_json": "{\"pk\": 6, \"path\": \"000100020003\", \"depth\": 3, \"numchild\": 1, \"title\": \"Music\", \"draft_title\": \"Music\", \"slug\": \"music\", \"content_type\": 16, \"live\": true, \"has_unpublished_changes\": false, \"url_path\": \"/home/music/\", \"owner\": 1, \"seo_title\": \"Music\", \"show_in_menus\": true, \"search_description\": \"mosquitone \\u306e\\u97f3\\u6e90(Music, Album, CD)\\u60c5\\u5831\\u3067\\u3059\\u3002\", \"go_live_at\": null, \"expire_at\": null, \"expired\": false, \"locked\": false, \"first_published_at\": \"2019-08-09T16:33:28.821Z\", \"last_published_at\": \"2019-08-09T16:33:28.821Z\", \"latest_revision_created_at\": \"2019-08-09T16:33:28.787Z\", \"live_revision\": 4, \"intro\": \"\"}",
    "approved_go_live_at": null
  }
},
{
  "model": "wagtailcore.pagerevision",
  "pk": 34,
  "fields": {
    "page": 6,
    "submitted_for_moderation": false,
    "created_at": "2019-08-16T17:25:51.936Z",
    "user": [
      "yyamashita"
    ],
    "content_json": "{\"pk\": 6, \"path\": \"000100020003\", \"depth\": 3, \"numchild\": 1, \"title\": \"Music\", \"draft_title\": \"Music\", \"slug\": \"music\", \"content_type\": 16, \"live\": true, \"has_unpublished_changes\": false, \"url_path\": \"/home/music/\", \"owner\": 1, \"seo_title\": \"Music\", \"show_in_menus\": true, \"search_description\": \"mosquitone \\u306e\\u697d\\u66f2\\u30fb\\u97f3\\u6e90(Music, Album, CD)\\u60c5\\u5831\\u3067\\u3059\\u3002\", \"go_live_at\": null, \"expire_at\": null, \"expired\": false, \"locked\": false, \"first_published_at\": \"2019-08-09T16:33:28.821Z\", \"last_published_at\": \"2019-08-16T17:25:33.827Z\", \"latest_revision_created_at\": \"2019-08-16T17:25:33.779Z\", \"live_revision\": 33, \"intro\": \"\"}",
    "approved_go_live_at": null
  }
},
{
  "model": "wagtailcore.pagerevision",
  "pk": 35,
  "fields": {
    "page": 3,
    "submitted_for_moderation": false,
    "created_at": "2019-08-16T17:26:48.251Z",
    "user": [
      "yyamashita"
    ],
    "content_json": "{\"pk\": 3, \"path\": \"00010002\", \"depth\": 2, \"numchild\": 7, \"title\": \"Mosquitone\", \"draft_title\": \"Mosquitone\", \"slug\": \"home\", \"content_type\": 15, \"live\": true, \"has_unpublished_changes\": false, \"url_path\": \"/home/\", \"owner\": 1, \"seo_title\": \"mosquitone\", \"show_in_menus\": true, \"search_description\": \"\\u6771\\u4eac\\u767a\\u30a8\\u30e2\\u30d0\\u30f3\\u30c9 mosquitone (\\u3082\\u3059\\u304d\\u30fc\\u3068\\u30fc\\u3093) \\u306e\\u516c\\u5f0f\\u30da\\u30fc\\u30b8\\u3067\\u3059\\u3002\", \"go_live_at\": null, \"expire_at\": null, \"expired\": false, \"locked\": false, \"first_published_at\": \"2019-08-09T16:29:43.057Z\", \"last_published_at\": \"2019-08-16T17:16:45.038Z\", \"latest_revision_created_at\": \"2019-08-16T17:16:44.982Z\", \"live_revision\": 22, \"body\": \"\", \"background_image\": 12}",
    "approved_go_live_at": null
  }
},
{
  "model": "wagtailcore.pagerevision",
  "pk": 36,
  "fields": {
    "page": 5,
    "submitted_for_moderation": false,
    "created_at": "2019-08-16T17:28:06.014Z",
    "user": [
      "yyamashita"
    ],
    "content_json": "{\"pk\": 5, \"path\": \"000100020002\", \"depth\": 3, \"numchild\": 0, \"title\": \"Contact\", \"draft_title\": \"Contact\", \"slug\": \"contact\", \"content_type\": 13, \"live\": true, \"has_unpublished_changes\": false, \"url_path\": \"/home/contact/\", \"owner\": 1, \"seo_title\": \"Contact\", \"show_in_menus\": true, \"search_description\": \"mosquitone \\u306e\\u30e9\\u30a4\\u30d6\\u51fa\\u6f14\\u4f9d\\u983c  \\u304a\\u554f\\u3044\\u5408\\u308f\\u305b\\u5148(Contact information, include mail, sns) \\u60c5\\u5831\\u3067\\u3059\\u3002\", \"go_live_at\": null, \"expire_at\": null, \"expired\": false, \"locked\": false, \"first_published_at\": \"2019-08-09T16:32:55.493Z\", \"last_published_at\": \"2019-08-16T17:22:55.800Z\", \"latest_revision_created_at\": \"2019-08-16T17:22:55.748Z\", \"live_revision\": 28, \"main_image\": 12}",
    "approved_go_live_at": null
  }
},
{
  "model": "wagtailcore.pagerevision",
  "pk": 37,
  "fields": {
    "page": 4,
    "submitted_for_moderation": false,
    "created_at": "2019-08-16T17:28:29.533Z",
    "user": [
      "yyamashita"
    ],
    "content_json": "{\"pk\": 4, \"path\": \"000100020001\", \"depth\": 3, \"numchild\": 0, \"title\": \"About us\", \"draft_title\": \"About us\", \"slug\": \"band\", \"content_type\": 7, \"live\": true, \"has_unpublished_changes\": false, \"url_path\": \"/home/band/\", \"owner\": 1, \"seo_title\": \"About us (Band)\", \"show_in_menus\": true, \"search_description\": \"mosquitone \\u306e\\u6b74\\u53f2 (History)\\u3001\\u30e1\\u30f3\\u30d0\\u30fc (Members) \\u60c5\\u5831\\u3067\\u3059\\u3002\", \"go_live_at\": null, \"expire_at\": null, \"expired\": false, \"locked\": false, \"first_published_at\": \"2019-08-09T16:32:26.832Z\", \"last_published_at\": \"2019-08-16T17:22:07.383Z\", \"latest_revision_created_at\": \"2019-08-16T17:22:07.320Z\", \"live_revision\": 26, \"english_history\": \"\", \"japanese_history\": \"\", \"main_image\": 1, \"background_image\": 13}",
    "approved_go_live_at": null
  }
},
{
  "model": "wagtailcore.pagerevision",
  "pk": 38,
  "fields": {
    "page": 3,
    "submitted_for_moderation": false,
    "created_at": "2019-08-16T17:28:54.763Z",
    "user": [
      "yyamashita"
    ],
    "content_json": "{\"pk\": 3, \"path\": \"00010002\", \"depth\": 2, \"numchild\": 7, \"title\": \"Mosquitone\", \"draft_title\": \"Mosquitone\", \"slug\": \"home\", \"content_type\": 15, \"live\": true, \"has_unpublished_changes\": false, \"url_path\": \"/home/\", \"owner\": 1, \"seo_title\": \"mosquitone\", \"show_in_menus\": true, \"search_description\": \"\\u6771\\u4eac\\u767a\\u30a8\\u30e2\\u30d0\\u30f3\\u30c9 mosquitone (\\u3082\\u3059\\u304d\\u30fc\\u3068\\u30fc\\u3093) \\u516c\\u5f0f\\u30da\\u30fc\\u30b8\\u3002\", \"go_live_at\": null, \"expire_at\": null, \"expired\": false, \"locked\": false, \"first_published_at\": \"2019-08-09T16:29:43.057Z\", \"last_published_at\": \"2019-08-16T17:26:48.320Z\", \"latest_revision_created_at\": \"2019-08-16T17:26:48.251Z\", \"live_revision\": 35, \"body\": \"\", \"background_image\": 12}",
    "approved_go_live_at": null
  }
},
{
  "model": "wagtailcore.pagerevision",
  "pk": 39,
  "fields": {
    "page": 3,
    "submitted_for_moderation": false,
    "created_at": "2019-08-16T17:29:07.645Z",
    "user": [
      "yyamashita"
    ],
    "content_json": "{\"pk\": 3, \"path\": \"00010002\", \"depth\": 2, \"numchild\": 7, \"title\": \"Mosquitone\", \"draft_title\": \"Mosquitone\", \"slug\": \"home\", \"content_type\": 15, \"live\": true, \"has_unpublished_changes\": false, \"url_path\": \"/home/\", \"owner\": 1, \"seo_title\": \"mosquitone\", \"show_in_menus\": true, \"search_description\": \"\\u6771\\u4eac\\u767a\\u30a8\\u30e2\\u30d0\\u30f3\\u30c9 mosquitone (\\u3082\\u3059\\u304d\\u30fc\\u3068\\u30fc\\u3093) \\u516c\\u5f0f\\u30da\\u30fc\\u30b8\", \"go_live_at\": null, \"expire_at\": null, \"expired\": false, \"locked\": false, \"first_published_at\": \"2019-08-09T16:29:43.057Z\", \"last_published_at\": \"2019-08-16T17:28:54.826Z\", \"latest_revision_created_at\": \"2019-08-16T17:28:54.763Z\", \"live_revision\": 38, \"body\": \"\", \"background_image\": 12}",
    "approved_go_live_at": null
  }
},
{
  "model": "wagtailcore.pagerevision",
  "pk": 40,
  "fields": {
    "page": 4,
    "submitted_for_moderation": false,
    "created_at": "2019-08-16T18:14:31.627Z",
    "user": [
      "yyamashita"
    ],
    "content_json": "{\"pk\": 4, \"path\": \"000100020001\", \"depth\": 3, \"numchild\": 0, \"title\": \"About us\", \"draft_title\": \"About us\", \"slug\": \"band\", \"content_type\": 7, \"live\": true, \"has_unpublished_changes\": false, \"url_path\": \"/home/band/\", \"owner\": 1, \"seo_title\": \"About us (Band)\", \"show_in_menus\": true, \"search_description\": \"mosquitone \\u306e\\u6b74\\u53f2 (History)\\u3001\\u30e1\\u30f3\\u30d0\\u30fc (Members) \\u60c5\\u5831\\u3067\\u3059\\u3002\", \"go_live_at\": null, \"expire_at\": null, \"expired\": false, \"locked\": false, \"first_published_at\": \"2019-08-09T16:32:26.832Z\", \"last_published_at\": \"2019-08-16T17:28:29.595Z\", \"latest_revision_created_at\": \"2019-08-16T17:28:29.533Z\", \"live_revision\": 37, \"intro\": \"<p>mosquitone (\\u3082\\u3059\\u304d\\u30fc\\u3068\\u30fc\\u3093)\\u306f\\u6771\\u4eac\\u767a\\u306e\\u30a8\\u30e2\\u30d0\\u30f3\\u30c9\\u3067\\u3059\\u3002</p><p>\\u300cKeep going forward\\u300d\\u3092\\u30c6\\u30fc\\u30de\\u306b\\u90fd\\u5185\\u3067\\u7cbe\\u529b\\u7684\\u306b\\u6d3b\\u52d5\\u3057\\u3066\\u3044\\u307e\\u3059\\u3002</p><p><a id=\\\"9\\\" linktype=\\\"page\\\">\\u30e9\\u30a4\\u30d6</a>\\u3078\\u306e\\u51fa\\u6f14\\u4f9d\\u983c\\u306a\\u3069\\u3001\\u304a\\u554f\\u3044\\u5408\\u308f\\u305b\\u306f <a id=\\\"5\\\" linktype=\\\"page\\\">Contact</a> \\u304b\\u3089\\u3088\\u308d\\u3057\\u304f\\u304a\\u9858\\u3044\\u3044\\u305f\\u3057\\u307e\\u3059\\uff01</p>\", \"english_history\": \"\", \"japanese_history\": \"\", \"main_image\": 1, \"background_image\": 13}",
    "approved_go_live_at": null
  }
},
{
  "model": "wagtailcore.pagerevision",
  "pk": 41,
  "fields": {
    "page": 5,
    "submitted_for_moderation": false,
    "created_at": "2019-08-18T05:06:34.306Z",
    "user": [
      "yyamashita"
    ],
    "content_json": "{\"pk\": 5, \"path\": \"000100020002\", \"depth\": 3, \"numchild\": 0, \"title\": \"Contact\", \"draft_title\": \"Contact\", \"slug\": \"contact\", \"content_type\": 13, \"live\": true, \"has_unpublished_changes\": false, \"url_path\": \"/home/contact/\", \"owner\": 1, \"seo_title\": \"Contact\", \"show_in_menus\": true, \"search_description\": \"mosquitone \\u306e\\u30e9\\u30a4\\u30d6\\u51fa\\u6f14\\u4f9d\\u983c  \\u304a\\u554f\\u3044\\u5408\\u308f\\u305b\\u5148(Contact information, include mail, sns) \\u60c5\\u5831\\u3067\\u3059\\u3002\", \"go_live_at\": null, \"expire_at\": null, \"expired\": false, \"locked\": false, \"first_published_at\": \"2019-08-09T16:32:55.493Z\", \"last_published_at\": \"2019-08-16T17:28:06.077Z\", \"latest_revision_created_at\": \"2019-08-16T17:28:06.014Z\", \"live_revision\": 36, \"main_image\": 16}",
    "approved_go_live_at": null
  }
},
{
  "model": "wagtailcore.pagerevision",
  "pk": 42,
  "fields": {
    "page": 11,
    "submitted_for_moderation": false,
    "created_at": "2019-09-01T09:29:52.964Z",
    "user": [
      "yyamashita"
    ],
    "content_json": "{\"pk\": 11, \"path\": \"0001000200030001\", \"depth\": 4, \"numchild\": 0, \"title\": \"Demo#1\", \"draft_title\": \"Demo#1\", \"slug\": \"demo1\", \"content_type\": 17, \"live\": true, \"has_unpublished_changes\": false, \"url_path\": \"/home/music/demo1/\", \"owner\": 1, \"seo_title\": \"\", \"show_in_menus\": false, \"search_description\": \"\", \"go_live_at\": null, \"expire_at\": null, \"expired\": false, \"locked\": false, \"first_published_at\": \"2019-08-09T17:51:33.847Z\", \"last_published_at\": \"2019-08-14T02:48:31.754Z\", \"latest_revision_created_at\": \"2019-08-14T02:48:31.705Z\", \"live_revision\": 16, \"release_date\": \"2019-09-01\", \"copy\": \"Our first demo\", \"description\": \"<p>mosquitone \\u3068\\u3057\\u3066\\u521d\\u306e\\u30c7\\u30e2\\u97f3\\u6e90</p>\", \"artwork\": 11, \"tracks\": [{\"pk\": 1, \"sort_order\": 0, \"page\": 11, \"title\": \"My sadness\", \"duration\": \"00:04:00\"}, {\"pk\": 2, \"sort_order\": 1, \"page\": 11, \"title\": \"Keep going forward\", \"duration\": \"00:03:50\"}]}",
    "approved_go_live_at": null
  }
},
{
  "model": "wagtailcore.pagerevision",
  "pk": 43,
  "fields": {
    "page": 11,
    "submitted_for_moderation": false,
    "created_at": "2019-09-01T13:02:43.537Z",
    "user": [
      "yyamashita"
    ],
    "content_json": "{\"pk\": 11, \"path\": \"0001000200030001\", \"depth\": 4, \"numchild\": 0, \"title\": \"Demo#1\", \"draft_title\": \"Demo#1\", \"slug\": \"demo1\", \"content_type\": 17, \"live\": true, \"has_unpublished_changes\": false, \"url_path\": \"/home/music/demo1/\", \"owner\": 1, \"seo_title\": \"\", \"show_in_menus\": false, \"search_description\": \"\", \"go_live_at\": null, \"expire_at\": null, \"expired\": false, \"locked\": false, \"first_published_at\": \"2019-08-09T17:51:33.847Z\", \"last_published_at\": \"2019-09-01T09:29:53.023Z\", \"latest_revision_created_at\": \"2019-09-01T09:29:52.964Z\", \"live_revision\": 42, \"release_date\": \"2019-09-01\", \"copy\": \"First demo\", \"description\": \"<p>mosquitone \\u3068\\u3057\\u3066\\u521d\\u306e\\u30c7\\u30e2\\u97f3\\u6e90\\u3067\\u3059\\u3002</p><p>\\u540c\\u3058\\u304f mosquitone \\u3068\\u3057\\u3066\\u3001\\u6700\\u521d\\u306b\\u4f5c\\u3063\\u305f2\\u66f2\\u300cKeep going forward\\u300d,\\u300cMy sadness \\u300d\\u3092\\u53ce\\u9332\\uff01</p>\", \"artwork\": 11, \"tracks\": [{\"pk\": 1, \"sort_order\": 0, \"page\": 11, \"title\": \"My sadness\", \"duration\": \"00:04:00\"}, {\"pk\": 2, \"sort_order\": 1, \"page\": 11, \"title\": \"Keep going forward\", \"duration\": \"00:03:50\"}]}",
    "approved_go_live_at": null
  }
},
{
  "model": "wagtailcore.pagerevision",
  "pk": 44,
  "fields": {
    "page": 11,
    "submitted_for_moderation": false,
    "created_at": "2019-09-02T13:07:37.497Z",
    "user": [
      "yyamashita"
    ],
    "content_json": "{\"pk\": 11, \"path\": \"0001000200030001\", \"depth\": 4, \"numchild\": 0, \"title\": \"Demo#1\", \"draft_title\": \"Demo#1\", \"slug\": \"demo1\", \"content_type\": 17, \"live\": true, \"has_unpublished_changes\": false, \"url_path\": \"/home/music/demo1/\", \"owner\": 1, \"seo_title\": \"\", \"show_in_menus\": false, \"search_description\": \"\", \"go_live_at\": null, \"expire_at\": null, \"expired\": false, \"locked\": false, \"first_published_at\": \"2019-08-09T17:51:33.847Z\", \"last_published_at\": \"2019-09-01T13:02:43.603Z\", \"latest_revision_created_at\": \"2019-09-01T13:02:43.537Z\", \"live_revision\": 43, \"release_date\": \"2019-09-01\", \"copy\": \"First demo\", \"description\": \"<p>mosquitone \\u3068\\u3057\\u3066\\u521d\\u306e\\u30c7\\u30e2\\u97f3\\u6e90\\u3067\\u3059\\u3002</p><p>mosquitone \\u3068\\u3057\\u3066\\u3001\\u6700\\u521d\\u306e\\u30aa\\u30ea\\u30b8\\u30ca\\u30eb\\u697d\\u66f2\\u300cKeep going forward\\u300d,\\u300cMy sadness \\u300d\\u306e\\uff12\\u66f2\\u3092\\u53ce\\u9332\\uff01</p>\", \"artwork\": 10, \"tracks\": [{\"pk\": 1, \"sort_order\": 0, \"page\": 11, \"title\": \"My sadness\", \"duration\": \"00:04:00\"}, {\"pk\": 2, \"sort_order\": 1, \"page\": 11, \"title\": \"Keep going forward\", \"duration\": \"00:03:50\"}]}",
    "approved_go_live_at": null
  }
},
{
  "model": "wagtailcore.pagerevision",
  "pk": 45,
  "fields": {
    "page": 11,
    "submitted_for_moderation": false,
    "created_at": "2019-09-02T14:14:40.603Z",
    "user": [
      "yyamashita"
    ],
    "content_json": "{\"pk\": 11, \"path\": \"0001000200030001\", \"depth\": 4, \"numchild\": 0, \"title\": \"Demo#1\", \"draft_title\": \"Demo#1\", \"slug\": \"demo1\", \"content_type\": 17, \"live\": true, \"has_unpublished_changes\": false, \"url_path\": \"/home/music/demo1/\", \"owner\": 1, \"seo_title\": \"\", \"show_in_menus\": false, \"search_description\": \"\", \"go_live_at\": null, \"expire_at\": null, \"expired\": false, \"locked\": false, \"first_published_at\": \"2019-08-09T17:51:33.847Z\", \"last_published_at\": \"2019-09-02T13:07:37.549Z\", \"latest_revision_created_at\": \"2019-09-02T13:07:37.497Z\", \"live_revision\": 44, \"release_date\": \"2019-09-01\", \"copy\": \"First demo\", \"description\": \"<p>mosquitone \\u3068\\u3057\\u3066\\u521d\\u306e\\u30c7\\u30e2\\u97f3\\u6e90\\u3067\\u3059\\u3002</p><p>mosquitone \\u3068\\u3057\\u3066\\u3001\\u6700\\u521d\\u306e\\u30aa\\u30ea\\u30b8\\u30ca\\u30eb\\u697d\\u66f2\\u300cKeep going forward\\u300d,\\u300cMy sadness \\u300d\\u306e\\uff12\\u66f2\\u3092\\u53ce\\u9332\\uff01</p><p>bandcamp \\u3067\\u30a2\\u30eb\\u30d0\\u30e0\\u8996\\u8074\\uff06\\u30c0\\u30a6\\u30f3\\u30ed\\u30fc\\u30c9\\u306e\\u4ed6\\u3001youtube \\u3067\\u30ec\\u30b3\\u30fc\\u30c7\\u30a3\\u30f3\\u30b0\\u98a8\\u666f\\u3092\\u53ce\\u3081\\u305f\\u300cMy sadness\\u300dMV\\u98a8\\u52d5\\u753b\\u3092\\u8996\\u8074\\u3044\\u305f\\u3060\\u3051\\u307e\\u3059\\u3002</p>\", \"artwork\": 19, \"bandcamp_url\": null, \"youtube_url\": \"https://youtu.be/IDVYa-05hgM\", \"tracks\": [{\"pk\": 1, \"sort_order\": 0, \"page\": 11, \"title\": \"My sadness\", \"duration\": \"00:04:00\"}, {\"pk\": 2, \"sort_order\": 1, \"page\": 11, \"title\": \"Keep going forward\", \"duration\": \"00:03:50\"}]}",
    "approved_go_live_at": null
  }
},
{
  "model": "wagtailcore.pagerevision",
  "pk": 46,
  "fields": {
    "page": 11,
    "submitted_for_moderation": false,
    "created_at": "2019-09-02T14:26:07.464Z",
    "user": [
      "yyamashita"
    ],
    "content_json": "{\"pk\": 11, \"path\": \"0001000200030001\", \"depth\": 4, \"numchild\": 0, \"title\": \"Demo#1\", \"draft_title\": \"Demo#1\", \"slug\": \"demo1\", \"content_type\": 17, \"live\": true, \"has_unpublished_changes\": false, \"url_path\": \"/home/music/demo1/\", \"owner\": 1, \"seo_title\": \"\", \"show_in_menus\": false, \"search_description\": \"\", \"go_live_at\": null, \"expire_at\": null, \"expired\": false, \"locked\": false, \"first_published_at\": \"2019-08-09T17:51:33.847Z\", \"last_published_at\": \"2019-09-02T14:14:40.674Z\", \"latest_revision_created_at\": \"2019-09-02T14:14:40.603Z\", \"live_revision\": 45, \"release_date\": \"2019-09-01\", \"copy\": \"First demo\", \"description\": \"<p>mosquitone \\u3068\\u3057\\u3066\\u521d\\u306e\\u30c7\\u30e2\\u97f3\\u6e90\\u3067\\u3059\\u3002<br/>mosquitone \\u3068\\u3057\\u3066\\u3001\\u6700\\u521d\\u306e\\u30aa\\u30ea\\u30b8\\u30ca\\u30eb\\u697d\\u66f2\\u300cKeep going forward\\u300d,\\u300cMy sadness \\u300d\\u306e\\uff12\\u66f2\\u3092\\u53ce\\u9332\\u3002<br/>bandcamp \\u3067\\u30a2\\u30eb\\u30d0\\u30e0\\u8996\\u8074\\uff06\\u30c0\\u30a6\\u30f3\\u30ed\\u30fc\\u30c9\\u306e\\u4ed6\\u3001youtube \\u3067\\u30ec\\u30b3\\u30fc\\u30c7\\u30a3\\u30f3\\u30b0\\u98a8\\u666f\\u3092\\u53ce\\u3081\\u305f\\u300cMy sadness\\u300dMV\\u98a8\\u52d5\\u753b\\u3092\\u8996\\u8074\\u3044\\u305f\\u3060\\u3051\\u307e\\u3059!\\u3002</p>\", \"artwork\": 19, \"bandcamp_url\": null, \"youtube_url\": \"https://youtu.be/IDVYa-05hgM\", \"tracks\": [{\"pk\": 1, \"sort_order\": 0, \"page\": 11, \"title\": \"My sadness\", \"duration\": \"00:04:00\"}, {\"pk\": 2, \"sort_order\": 1, \"page\": 11, \"title\": \"Keep going forward\", \"duration\": \"00:03:50\"}]}",
    "approved_go_live_at": null
  }
},
{
  "model": "wagtailcore.pagerevision",
  "pk": 47,
  "fields": {
    "page": 11,
    "submitted_for_moderation": false,
    "created_at": "2019-09-02T14:53:31.902Z",
    "user": [
      "yyamashita"
    ],
    "content_json": "{\"pk\": 11, \"path\": \"0001000200030001\", \"depth\": 4, \"numchild\": 0, \"title\": \"Demo#1\", \"draft_title\": \"Demo#1\", \"slug\": \"demo1\", \"content_type\": 17, \"live\": true, \"has_unpublished_changes\": false, \"url_path\": \"/home/music/demo1/\", \"owner\": 1, \"seo_title\": \"\", \"show_in_menus\": false, \"search_description\": \"\", \"go_live_at\": null, \"expire_at\": null, \"expired\": false, \"locked\": false, \"first_published_at\": \"2019-08-09T17:51:33.847Z\", \"last_published_at\": \"2019-09-02T14:26:07.584Z\", \"latest_revision_created_at\": \"2019-09-02T14:26:07.464Z\", \"live_revision\": 46, \"release_date\": \"2019-09-01\", \"copy\": \"First demo\", \"description\": \"<p>mosquitone \\u3068\\u3057\\u3066\\u521d\\u306e\\u30c7\\u30e2\\u97f3\\u6e90\\u3067\\u3059\\u3002</p><p><br/>mosquitone \\u3068\\u3057\\u3066\\u3001\\u6700\\u521d\\u306e\\u30aa\\u30ea\\u30b8\\u30ca\\u30eb\\u697d\\u66f2\\u300cKeep going forward\\u300d,\\u300cMy sadness \\u300d\\u306e\\uff12\\u66f2\\u3092\\u53ce\\u9332\\u3002</p><p><br/>bandcamp \\u3067\\u30a2\\u30eb\\u30d0\\u30e0\\u8996\\u8074\\uff06\\u30c0\\u30a6\\u30f3\\u30ed\\u30fc\\u30c9\\u306e\\u4ed6\\u3001youtube \\u3067\\u30ec\\u30b3\\u30fc\\u30c7\\u30a3\\u30f3\\u30b0\\u98a8\\u666f\\u3092\\u53ce\\u3081\\u305f\\u300cMy sadness\\u300dMV\\u98a8\\u52d5\\u753b\\u3092\\u8996\\u8074\\u3044\\u305f\\u3060\\u3051\\u307e\\u3059!\\u3002</p>\", \"artwork\": 19, \"bandcamp_url\": null, \"youtube_url\": \"https://youtu.be/IDVYa-05hgM\", \"tracks\": [{\"pk\": 1, \"sort_order\": 0, \"page\": 11, \"title\": \"My sadness\", \"duration\": \"00:04:00\"}, {\"pk\": 2, \"sort_order\": 1, \"page\": 11, \"title\": \"Keep going forward\", \"duration\": \"00:03:50\"}]}",
    "approved_go_live_at": null
  }
},
{
  "model": "wagtailcore.pagerevision",
  "pk": 48,
  "fields": {
    "page": 11,
    "submitted_for_moderation": false,
    "created_at": "2019-09-02T14:53:42.995Z",
    "user": [
      "yyamashita"
    ],
    "content_json": "{\"pk\": 11, \"path\": \"0001000200030001\", \"depth\": 4, \"numchild\": 0, \"title\": \"Demo#1\", \"draft_title\": \"Demo#1\", \"slug\": \"demo1\", \"content_type\": 17, \"live\": true, \"has_unpublished_changes\": false, \"url_path\": \"/home/music/demo1/\", \"owner\": 1, \"seo_title\": \"\", \"show_in_menus\": false, \"search_description\": \"\", \"go_live_at\": null, \"expire_at\": null, \"expired\": false, \"locked\": false, \"first_published_at\": \"2019-08-09T17:51:33.847Z\", \"last_published_at\": \"2019-09-02T14:53:31.994Z\", \"latest_revision_created_at\": \"2019-09-02T14:53:31.902Z\", \"live_revision\": 47, \"release_date\": \"2019-09-01\", \"copy\": \"First demo\", \"description\": \"<p>mosquitone \\u3068\\u3057\\u3066\\u521d\\u306e\\u30c7\\u30e2\\u97f3\\u6e90\\u3067\\u3059\\u3002<br/>mosquitone \\u3068\\u3057\\u3066\\u3001\\u6700\\u521d\\u306e\\u30aa\\u30ea\\u30b8\\u30ca\\u30eb\\u697d\\u66f2\\u300cKeep going forward\\u300d,\\u300cMy sadness \\u300d\\u306e\\uff12\\u66f2\\u3092\\u53ce\\u9332\\u3002<br/>bandcamp \\u3067\\u30a2\\u30eb\\u30d0\\u30e0\\u8996\\u8074\\uff06\\u30c0\\u30a6\\u30f3\\u30ed\\u30fc\\u30c9\\u306e\\u4ed6\\u3001youtube \\u3067\\u30ec\\u30b3\\u30fc\\u30c7\\u30a3\\u30f3\\u30b0\\u98a8\\u666f\\u3092\\u53ce\\u3081\\u305f\\u300cMy sadness\\u300dMV\\u98a8\\u52d5\\u753b\\u3092\\u8996\\u8074\\u3044\\u305f\\u3060\\u3051\\u307e\\u3059!\\u3002</p>\", \"artwork\": 19, \"bandcamp_url\": null, \"youtube_url\": \"https://youtu.be/IDVYa-05hgM\", \"tracks\": [{\"pk\": 1, \"sort_order\": 0, \"page\": 11, \"title\": \"My sadness\", \"duration\": \"00:04:00\"}, {\"pk\": 2, \"sort_order\": 1, \"page\": 11, \"title\": \"Keep going forward\", \"duration\": \"00:03:50\"}]}",
    "approved_go_live_at": null
  }
},
{
  "model": "wagtailcore.pagerevision",
  "pk": 49,
  "fields": {
    "page": 11,
    "submitted_for_moderation": false,
    "created_at": "2019-09-02T15:13:12.139Z",
    "user": [
      "yyamashita"
    ],
    "content_json": "{\"pk\": 11, \"path\": \"0001000200030001\", \"depth\": 4, \"numchild\": 0, \"title\": \"Demo#1\", \"draft_title\": \"Demo#1\", \"slug\": \"demo1\", \"content_type\": 17, \"live\": true, \"has_unpublished_changes\": false, \"url_path\": \"/home/music/demo1/\", \"owner\": 1, \"seo_title\": \"\", \"show_in_menus\": false, \"search_description\": \"\", \"go_live_at\": null, \"expire_at\": null, \"expired\": false, \"locked\": false, \"first_published_at\": \"2019-08-09T17:51:33.847Z\", \"last_published_at\": \"2019-09-02T14:53:43.048Z\", \"latest_revision_created_at\": \"2019-09-02T14:53:42.995Z\", \"live_revision\": 48, \"release_date\": \"2019-09-01\", \"copy\": \"First demo\", \"description\": \"<p>mosquitone \\u3068\\u3057\\u3066\\u521d\\u306e\\u30c7\\u30e2\\u97f3\\u6e90\\u3067\\u3059\\u3002<br/>mosquitone \\u3068\\u3057\\u3066\\u3001\\u6700\\u521d\\u306e\\u30aa\\u30ea\\u30b8\\u30ca\\u30eb\\u697d\\u66f2\\u300cKeep going forward\\u300d,\\u300cMy sadness \\u300d\\u306e\\uff12\\u66f2\\u3092\\u53ce\\u9332\\u3002<br/>bandcamp \\u3067\\u30a2\\u30eb\\u30d0\\u30e0\\u8996\\u8074\\uff06\\u30c0\\u30a6\\u30f3\\u30ed\\u30fc\\u30c9\\u306e\\u4ed6\\u3001youtube \\u3067\\u30ec\\u30b3\\u30fc\\u30c7\\u30a3\\u30f3\\u30b0\\u98a8\\u666f\\u3092\\u53ce\\u3081\\u305f\\u300cMy sadness\\u300dMV\\u98a8\\u52d5\\u753b\\u3092\\u8996\\u8074\\u3044\\u305f\\u3060\\u3051\\u307e\\u3059!\\u3002</p>\", \"artwork\": 19, \"bandcamp_url\": \"http://mosquitone.bandcamp.com/album/demo-01\", \"youtube_url\": \"https://youtu.be/IDVYa-05hgM\", \"tracks\": [{\"pk\": 1, \"sort_order\": 0, \"page\": 11, \"title\": \"My sadness\", \"duration\": \"00:04:00\"}, {\"pk\": 2, \"sort_order\": 1, \"page\": 11, \"title\": \"Keep going forward\", \"duration\": \"00:03:50\"}]}",
    "approved_go_live_at": null
  }
},
{
  "model": "wagtailcore.pagerevision",
  "pk": 50,
  "fields": {
    "page": 11,
    "submitted_for_moderation": false,
    "created_at": "2019-09-02T15:33:09.827Z",
    "user": [
      "yyamashita"
    ],
    "content_json": "{\"pk\": 11, \"path\": \"0001000200030001\", \"depth\": 4, \"numchild\": 0, \"title\": \"Demo#1\", \"draft_title\": \"Demo#1\", \"slug\": \"demo1\", \"content_type\": 17, \"live\": true, \"has_unpublished_changes\": false, \"url_path\": \"/home/music/demo1/\", \"owner\": 1, \"seo_title\": \"\", \"show_in_menus\": false, \"search_description\": \"\", \"go_live_at\": null, \"expire_at\": null, \"expired\": false, \"locked\": false, \"first_published_at\": \"2019-08-09T17:51:33.847Z\", \"last_published_at\": \"2019-09-02T15:13:12.179Z\", \"latest_revision_created_at\": \"2019-09-02T15:13:12.139Z\", \"live_revision\": 49, \"release_date\": \"2019-09-01\", \"copy\": \"First demo\", \"description\": \"<p>mosquitone \\u3068\\u3057\\u3066\\u521d\\u306e\\u30c7\\u30e2\\u97f3\\u6e90\\u3067\\u3059\\u3002<br/>mosquitone \\u3068\\u3057\\u3066\\u3001\\u6700\\u521d\\u306e\\u30aa\\u30ea\\u30b8\\u30ca\\u30eb\\u697d\\u66f2\\u300cKeep going forward\\u300d,\\u300cMy sadness \\u300d\\u306e\\uff12\\u66f2\\u3092\\u53ce\\u9332\\u3002<br/>bandcamp \\u3067\\u30a2\\u30eb\\u30d0\\u30e0\\u8996\\u8074\\uff06\\u30c0\\u30a6\\u30f3\\u30ed\\u30fc\\u30c9\\u306e\\u4ed6\\u3001youtube \\u3067\\u30ec\\u30b3\\u30fc\\u30c7\\u30a3\\u30f3\\u30b0\\u98a8\\u666f\\u3092\\u53ce\\u3081\\u305f\\u300cMy sadness\\u300dMV\\u98a8\\u52d5\\u753b\\u3092\\u8996\\u8074\\u3044\\u305f\\u3060\\u3051\\u307e\\u3059!\\u3002</p>\", \"artwork\": 19, \"bandcamp_album_url\": \"http://mosquitone.bandcamp.com/album/demo-01\", \"bandcamp_player_url\": \"https://bandcamp.com/EmbeddedPlayer/album=3118256726/size=large/bgcol=ffffff/linkcol=0687f5/tracklist=false/artwork=small/transparent=true/\", \"youtube_url\": \"https://youtu.be/IDVYa-05hgM\", \"tracks\": [{\"pk\": 1, \"sort_order\": 0, \"page\": 11, \"title\": \"My sadness\", \"duration\": \"00:04:00\"}, {\"pk\": 2, \"sort_order\": 1, \"page\": 11, \"title\": \"Keep going forward\", \"duration\": \"00:03:50\"}]}",
    "approved_go_live_at": null
  }
},
{
  "model": "wagtailcore.pagerevision",
  "pk": 51,
  "fields": {
    "page": 12,
    "submitted_for_moderation": false,
    "created_at": "2019-09-02T16:13:35.410Z",
    "user": [
      "yyamashita"
    ],
    "content_json": "{\"pk\": 12, \"path\": \"0001000200040001\", \"depth\": 4, \"numchild\": 0, \"title\": \"mosquitone \\u516c\\u5f0f\\u30b5\\u30a4\\u30c8\\u3092\\u516c\\u958b\\u3057\\u307e\\u3057\\u305f\", \"draft_title\": \"mosquitone \\u516c\\u5f0f\\u30b5\\u30a4\\u30c8\\u3092\\u516c\\u958b\\u3057\\u307e\\u3057\\u305f\", \"slug\": \"mosquitone-\\u516c\\u5f0f\\u30b5\\u30a4\\u30c8\\u3092\\u516c\\u958b\\u3057\\u307e\\u3057\\u305f\", \"content_type\": 10, \"live\": true, \"has_unpublished_changes\": false, \"url_path\": \"/home/news/mosquitone-\\u516c\\u5f0f\\u30b5\\u30a4\\u30c8\\u3092\\u516c\\u958b\\u3057\\u307e\\u3057\\u305f/\", \"owner\": 1, \"seo_title\": \"\", \"show_in_menus\": false, \"search_description\": \"\", \"go_live_at\": null, \"expire_at\": null, \"expired\": false, \"locked\": false, \"first_published_at\": \"2019-08-09T17:57:22.638Z\", \"last_published_at\": \"2019-08-12T05:55:33.754Z\", \"latest_revision_created_at\": \"2019-08-12T05:55:33.704Z\", \"live_revision\": 15, \"date\": \"2019-09-03\", \"intro\": \"\\u3053\\u306e\\u5ea6 mosquitone \\u304c\\u516c\\u5f0f\\u30b5\\u30a4\\u30c8\\u3092\\u516c\\u958b\\u3057\\u307e\\u3057\\u305f\\u3053\\u3068\\u3092\\u304a\\u77e5\\u3089\\u305b\\u3044\\u305f\\u3057\\u307e\\u3059\\u3002\", \"body\": \"<p>\\u3053\\u306e\\u5ea6 mosquitone \\u304c <a id=\\\"3\\\" linktype=\\\"page\\\">\\u516c\\u5f0f\\u30b5\\u30a4\\u30c8</a> \\u3092\\u516c\\u958b\\u3057\\u307e\\u3057\\u305f\\u3002</p><p>\\u3053\\u306e\\u30b5\\u30a4\\u30c8\\u306f <a id=\\\"9\\\" linktype=\\\"page\\\">\\u30e9\\u30a4\\u30d6\\u60c5\\u5831</a> \\u3084 <a id=\\\"6\\\" linktype=\\\"page\\\">\\u97f3\\u6e90</a> \\u306a\\u3069\\u3001mosquitone \\u306e\\u69d8\\u3005\\u306a\\u6d3b\\u52d5\\u30fb\\u60c5\\u5831\\u3092\\u767a\\u4fe1\\u3059\\u308b\\u30dd\\u30fc\\u30bf\\u30eb\\u3067\\u3059\\u3002</p><p>\\u4eca\\u307e\\u3067\\u60c5\\u5831\\u3092\\u767a\\u4fe1\\u3057\\u3066\\u304d\\u307e\\u3057\\u305f <a id=\\\"5\\\" linktype=\\\"page\\\">SNS</a> \\b\\u3082\\u3001\\u4eca\\u5ea6\\u3068\\u3082\\u66f4\\u65b0\\u3057\\u3066\\u53c2\\u308a\\u307e\\u3059\\u306e\\u3067\\u3001<br/>\\u305d\\u3061\\u3089\\u3082\\u4f75\\u305b\\u3066\\u3001\\u3054\\u53c2\\u7167\\u304f\\u3060\\u3055\\u3044\\u307e\\u305b\\u3002</p>\", \"author\": null, \"tagged_items\": [{\"pk\": null, \"tag\": 7, \"content_object\": 12}], \"gallery_images\": [], \"categories\": []}",
    "approved_go_live_at": null
  }
},
{
  "model": "wagtailcore.pagerevision",
  "pk": 52,
  "fields": {
    "page": 12,
    "submitted_for_moderation": false,
    "created_at": "2019-09-02T16:15:01.847Z",
    "user": [
      "yyamashita"
    ],
    "content_json": "{\"pk\": 12, \"path\": \"0001000200040001\", \"depth\": 4, \"numchild\": 0, \"title\": \"mosquitone \\u516c\\u5f0f\\u30b5\\u30a4\\u30c8\\u3092\\u516c\\u958b\\u3057\\u307e\\u3057\\u305f\", \"draft_title\": \"mosquitone \\u516c\\u5f0f\\u30b5\\u30a4\\u30c8\\u3092\\u516c\\u958b\\u3057\\u307e\\u3057\\u305f\", \"slug\": \"mosquitone-\\u516c\\u5f0f\\u30b5\\u30a4\\u30c8\\u3092\\u516c\\u958b\\u3057\\u307e\\u3057\\u305f\", \"content_type\": 10, \"live\": true, \"has_unpublished_changes\": false, \"url_path\": \"/home/news/mosquitone-\\u516c\\u5f0f\\u30b5\\u30a4\\u30c8\\u3092\\u516c\\u958b\\u3057\\u307e\\u3057\\u305f/\", \"owner\": 1, \"seo_title\": \"\", \"show_in_menus\": false, \"search_description\": \"\", \"go_live_at\": null, \"expire_at\": null, \"expired\": false, \"locked\": false, \"first_published_at\": \"2019-08-09T17:57:22.638Z\", \"last_published_at\": \"2019-09-02T16:13:35.503Z\", \"latest_revision_created_at\": \"2019-09-02T16:13:35.410Z\", \"live_revision\": 51, \"date\": \"2019-09-03\", \"intro\": \"\\u3053\\u306e\\u5ea6 mosquitone \\u304c\\u516c\\u5f0f\\u30b5\\u30a4\\u30c8\\u3092\\u516c\\u958b\\u3057\\u307e\\u3057\\u305f\\u3053\\u3068\\u3092\\u304a\\u77e5\\u3089\\u305b\\u3044\\u305f\\u3057\\u307e\\u3059\\u3002\", \"body\": \"<p>\\u3053\\u306e\\u5ea6 mosquitone \\u304c <a id=\\\"3\\\" linktype=\\\"page\\\">\\u516c\\u5f0f\\u30b5\\u30a4\\u30c8</a> \\u3092\\u516c\\u958b\\u3057\\u307e\\u3057\\u305f\\u3002</p><p>\\u3053\\u306e\\u30b5\\u30a4\\u30c8\\u306f <a id=\\\"9\\\" linktype=\\\"page\\\">\\u30e9\\u30a4\\u30d6\\u60c5\\u5831</a> \\u3084 <a id=\\\"6\\\" linktype=\\\"page\\\">\\u97f3\\u6e90</a> \\u306a\\u3069\\u3001mosquitone \\u306e\\u69d8\\u3005\\u306a\\u6d3b\\u52d5\\u30fb\\u60c5\\u5831\\u3092\\u767a\\u4fe1\\u3059\\u308b\\u30dd\\u30fc\\u30bf\\u30eb\\u3067\\u3059\\u3002</p><p>\\u4eca\\u307e\\u3067\\u60c5\\u5831\\u3092\\u767a\\u4fe1\\u3057\\u3066\\u304d\\u307e\\u3057\\u305f <a id=\\\"5\\\" linktype=\\\"page\\\">SNS</a> \\b\\u3082\\u3001\\u4eca\\u5ea6\\u3068\\u3082\\u66f4\\u65b0\\u3057\\u3066\\u53c2\\u308a\\u307e\\u3059\\u306e\\u3067\\u3001<br/>\\u305d\\u3061\\u3089\\u3082\\u4f75\\u305b\\u3066\\u3001\\u3054\\u53c2\\u7167\\u304f\\u3060\\u3055\\u3044\\u307e\\u305b\\u3002</p><p>\\u5f15\\u304d\\u7d9a\\u304d\\u3001\\u3088\\u308d\\u3057\\u304f\\u304a\\u9858\\u3044\\u3044\\u305f\\u3057\\u307e\\u3059\\u3002</p>\", \"author\": null, \"tagged_items\": [{\"pk\": null, \"tag\": 7, \"content_object\": 12}], \"gallery_images\": [], \"categories\": []}",
    "approved_go_live_at": null
  }
},
{
  "model": "wagtailcore.pagerevision",
  "pk": 53,
  "fields": {
    "page": 11,
    "submitted_for_moderation": false,
    "created_at": "2019-09-03T01:25:24.565Z",
    "user": [
      "yyamashita"
    ],
    "content_json": "{\"pk\": 11, \"path\": \"0001000200030001\", \"depth\": 4, \"numchild\": 0, \"title\": \"Demo#1\", \"draft_title\": \"Demo#1\", \"slug\": \"demo1\", \"content_type\": 17, \"live\": true, \"has_unpublished_changes\": false, \"url_path\": \"/home/music/demo1/\", \"owner\": 1, \"seo_title\": \"\", \"show_in_menus\": false, \"search_description\": \"\", \"go_live_at\": null, \"expire_at\": null, \"expired\": false, \"locked\": false, \"first_published_at\": \"2019-08-09T17:51:33.847Z\", \"last_published_at\": \"2019-09-02T15:33:09.867Z\", \"latest_revision_created_at\": \"2019-09-02T15:33:09.827Z\", \"live_revision\": 50, \"release_date\": \"2019-09-01\", \"copy\": \"First demo\", \"description\": \"<p>mosquitone \\u3068\\u3057\\u3066\\u521d\\u306e\\u30c7\\u30e2\\u97f3\\u6e90\\u3067\\u3059\\u3002<br/>\\u540c\\u3058\\u304f mosquitone \\u3068\\u3057\\u3066\\u6700\\u521d\\u306e\\u30aa\\u30ea\\u30b8\\u30ca\\u30eb\\u697d\\u66f2\\u300cKeep going forward\\u300d,\\u300cMy sadness \\u300d\\u306e\\uff12\\u66f2\\u3092\\u53ce\\u9332\\u3002<br/>bandcamp \\u3067\\u30a2\\u30eb\\u30d0\\u30e0\\u8996\\u8074\\uff06\\u30c0\\u30a6\\u30f3\\u30ed\\u30fc\\u30c9\\u306e\\u4ed6\\u3001youtube \\u3067\\u30ec\\u30b3\\u30fc\\u30c7\\u30a3\\u30f3\\u30b0\\u98a8\\u666f\\u3092\\u53ce\\u3081\\u305f\\u300cMy sadness\\u300dMV\\u98a8\\u52d5\\u753b\\u3092\\u8996\\u8074\\u3044\\u305f\\u3060\\u3051\\u307e\\u3059!\\u3002</p>\", \"artwork\": 19, \"bandcamp_album_url\": \"http://mosquitone.bandcamp.com/album/demo-01\", \"bandcamp_player_url\": \"https://bandcamp.com/EmbeddedPlayer/album=3118256726/size=large/bgcol=ffffff/linkcol=0687f5/artwork=none/tracklist=true/transparent=true/\", \"youtube_url\": \"https://youtu.be/IDVYa-05hgM\", \"tracks\": [{\"pk\": 1, \"sort_order\": 0, \"page\": 11, \"title\": \"My sadness\", \"duration\": \"00:04:00\"}, {\"pk\": 2, \"sort_order\": 1, \"page\": 11, \"title\": \"Keep going forward\", \"duration\": \"00:03:50\"}]}",
    "approved_go_live_at": null
  }
},
{
  "model": "wagtailcore.pagerevision",
  "pk": 54,
  "fields": {
    "page": 4,
    "submitted_for_moderation": false,
    "created_at": "2019-09-03T02:44:59.852Z",
    "user": [
      "chikara"
    ],
    "content_json": "{\"pk\": 4, \"path\": \"000100020001\", \"depth\": 3, \"numchild\": 0, \"title\": \"About us\", \"draft_title\": \"About us\", \"slug\": \"band\", \"content_type\": 7, \"live\": true, \"has_unpublished_changes\": false, \"url_path\": \"/home/band/\", \"owner\": 1, \"seo_title\": \"About us (Band)\", \"show_in_menus\": true, \"search_description\": \"mosquitone \\u306e\\u6b74\\u53f2 (History)\\u3001\\u30e1\\u30f3\\u30d0\\u30fc (Members) \\u60c5\\u5831\\u3067\\u3059\\u3002\", \"go_live_at\": null, \"expire_at\": null, \"expired\": false, \"locked\": false, \"first_published_at\": \"2019-08-09T16:32:26.832Z\", \"last_published_at\": \"2019-08-16T18:14:31.666Z\", \"latest_revision_created_at\": \"2019-08-16T18:14:31.627Z\", \"live_revision\": 40, \"intro\": \"<p>mosquitone (\\u3082\\u3059\\u304d\\u30fc\\u3068\\u30fc\\u3093)\\u306f\\u6771\\u4eac\\u767a\\u306e\\u30a8\\u30e2\\u30d0\\u30f3\\u30c9\\u3067\\u3059\\u3002</p><p>\\u300cKeep going forward\\u300d\\u3092\\u30c6\\u30fc\\u30de\\u306b\\u90fd\\u5185\\u3067\\u7cbe\\u529b\\u7684\\u306b\\u6d3b\\u52d5\\u3057\\u3066\\u3044\\u307e\\u3059\\u3002</p><p><a id=\\\"9\\\" linktype=\\\"page\\\">\\u30e9\\u30a4\\u30d6</a>\\u3078\\u306e\\u51fa\\u6f14\\u4f9d\\u983c\\u306a\\u3069\\u3001\\u304a\\u554f\\u3044\\u5408\\u308f\\u305b\\u306f <a id=\\\"5\\\" linktype=\\\"page\\\">Contact</a> \\u304b\\u3089\\u3088\\u308d\\u3057\\u304f\\u304a\\u9858\\u3044\\u3044\\u305f\\u3057\\u307e\\u3059\\uff01</p>\", \"english_history\": \"\", \"japanese_history\": \"\", \"main_image\": 1, \"background_image\": 13}",
    "approved_go_live_at": null
  }
},
{
  "model": "wagtailcore.pagerevision",
  "pk": 55,
  "fields": {
    "page": 4,
    "submitted_for_moderation": false,
    "created_at": "2019-09-03T02:47:03.703Z",
    "user": [
      "chikara"
    ],
    "content_json": "{\"pk\": 4, \"path\": \"000100020001\", \"depth\": 3, \"numchild\": 0, \"title\": \"About us\", \"draft_title\": \"About us\", \"slug\": \"band\", \"content_type\": 7, \"live\": true, \"has_unpublished_changes\": true, \"url_path\": \"/home/band/\", \"owner\": 1, \"seo_title\": \"About us (Band)\", \"show_in_menus\": true, \"search_description\": \"mosquitone \\u306e\\u6b74\\u53f2 (History)\\u3001\\u30e1\\u30f3\\u30d0\\u30fc (Members) \\u60c5\\u5831\\u3067\\u3059\\u3002\", \"go_live_at\": null, \"expire_at\": null, \"expired\": false, \"locked\": false, \"first_published_at\": \"2019-08-09T16:32:26.832Z\", \"last_published_at\": \"2019-08-16T18:14:31.666Z\", \"latest_revision_created_at\": \"2019-09-03T02:44:59.852Z\", \"live_revision\": 40, \"intro\": \"<p>mosquitone (\\u3082\\u3059\\u304d\\u30fc\\u3068\\u30fc\\u3093)\\u306f\\u6771\\u4eac\\u767a\\u306e\\u30a8\\u30e2\\u30d0\\u30f3\\u30c9\\u3067\\u3059\\u3002</p><p>\\u300cKeep going forward\\u300d\\u3092\\u30c6\\u30fc\\u30de\\u306b\\u90fd\\u5185\\u3067\\u7cbe\\u529b\\u7684\\u306b\\u6d3b\\u52d5\\u3057\\u3066\\u3044\\u307e\\u3059\\u3002</p><p><a id=\\\"9\\\" linktype=\\\"page\\\">\\u30e9\\u30a4\\u30d6</a>\\u3078\\u306e\\u51fa\\u6f14\\u4f9d\\u983c\\u306a\\u3069\\u3001\\u304a\\u554f\\u3044\\u5408\\u308f\\u305b\\u306f <a id=\\\"5\\\" linktype=\\\"page\\\">Contact</a> \\u304b\\u3089\\u3088\\u308d\\u3057\\u304f\\u304a\\u9858\\u3044\\u3044\\u305f\\u3057\\u307e\\u3059\\uff01</p>\", \"english_history\": \"\", \"japanese_history\": \"\", \"main_image\": 1, \"background_image\": 13}",
    "approved_go_live_at": null
  }
},
{
  "model": "wagtailcore.pagerevision",
  "pk": 56,
  "fields": {
    "page": 11,
    "submitted_for_moderation": false,
    "created_at": "2019-09-03T03:36:13.844Z",
    "user": [
      "yyamashita"
    ],
    "content_json": "{\"pk\": 11, \"path\": \"0001000200030001\", \"depth\": 4, \"numchild\": 0, \"title\": \"Demo#1\", \"draft_title\": \"Demo#1\", \"slug\": \"demo1\", \"content_type\": 17, \"live\": true, \"has_unpublished_changes\": false, \"url_path\": \"/home/music/demo1/\", \"owner\": 1, \"seo_title\": \"\", \"show_in_menus\": false, \"search_description\": \"\", \"go_live_at\": null, \"expire_at\": null, \"expired\": false, \"locked\": false, \"first_published_at\": \"2019-08-09T17:51:33.847Z\", \"last_published_at\": \"2019-09-03T01:25:24.612Z\", \"latest_revision_created_at\": \"2019-09-03T01:25:24.565Z\", \"live_revision\": 53, \"release_date\": \"2019-09-01\", \"copy\": \"First demo\", \"description\": \"<p>mosquitone \\u3068\\u3057\\u3066\\u521d\\u306e\\u30c7\\u30e2\\u97f3\\u6e90\\u3067\\u3059\\u3002<br/>\\u540c\\u3058\\u304f mosquitone \\u3068\\u3057\\u3066\\u6700\\u521d\\u306e\\u30aa\\u30ea\\u30b8\\u30ca\\u30eb\\u697d\\u66f2\\u300cKeep going forward\\u300d,\\u300cMy sadness \\u300d\\u306e\\uff12\\u66f2\\u3092\\u53ce\\u9332\\u3002<br/>bandcamp \\u3067\\u30a2\\u30eb\\u30d0\\u30e0\\u8996\\u8074\\uff06\\u30c0\\u30a6\\u30f3\\u30ed\\u30fc\\u30c9\\u306e\\u4ed6\\u3001youtube \\u3067\\u30ec\\u30b3\\u30fc\\u30c7\\u30a3\\u30f3\\u30b0\\u98a8\\u666f\\u3092\\u53ce\\u3081\\u305f\\u300cMy sadness\\u300dMV\\u98a8\\u52d5\\u753b\\u3092\\u8996\\u8074\\u3044\\u305f\\u3060\\u3051\\u307e\\u3059!</p>\", \"artwork\": 19, \"bandcamp_album_url\": \"http://mosquitone.bandcamp.com/album/demo-01\", \"bandcamp_player_url\": \"https://bandcamp.com/EmbeddedPlayer/album=3118256726/size=large/bgcol=ffffff/linkcol=0687f5/artwork=none/tracklist=true/transparent=true/\", \"youtube_url\": \"https://youtu.be/IDVYa-05hgM\", \"tracks\": [{\"pk\": 1, \"sort_order\": 0, \"page\": 11, \"title\": \"My sadness\", \"duration\": \"00:04:00\"}, {\"pk\": 2, \"sort_order\": 1, \"page\": 11, \"title\": \"Keep going forward\", \"duration\": \"00:03:50\"}]}",
    "approved_go_live_at": null
  }
},
{
  "model": "wagtailcore.pagerevision",
  "pk": 57,
  "fields": {
    "page": 14,
    "submitted_for_moderation": false,
    "created_at": "2019-09-03T09:24:28.037Z",
    "user": [
      "yyamashita"
    ],
    "content_json": "{\"pk\": 14, \"path\": \"0001000200040002\", \"depth\": 4, \"numchild\": 0, \"title\": \"\\u30c7\\u30e2\\u97f3\\u6e90\\u300cdemo #01\\u300d\\u3092\\u516c\\u958b\\u3044\\u305f\\u3057\\u307e\\u3057\\u305f\", \"draft_title\": \"\\u30c7\\u30e2\\u97f3\\u6e90\\u300cdemo #01\\u300d\\u3092\\u516c\\u958b\\u3044\\u305f\\u3057\\u307e\\u3057\\u305f\", \"slug\": \"\\u30c7\\u30e2\\u97f3\\u6e90demo-01\\u3092\\u516c\\u958b\\u3044\\u305f\\u3057\\u307e\\u3057\\u305f\", \"content_type\": 10, \"live\": false, \"has_unpublished_changes\": false, \"url_path\": \"/home/news/\\u30c7\\u30e2\\u97f3\\u6e90demo-01\\u3092\\u516c\\u958b\\u3044\\u305f\\u3057\\u307e\\u3057\\u305f/\", \"owner\": 1, \"seo_title\": \"\", \"show_in_menus\": false, \"search_description\": \"\", \"go_live_at\": null, \"expire_at\": null, \"expired\": false, \"locked\": false, \"first_published_at\": null, \"last_published_at\": null, \"latest_revision_created_at\": null, \"live_revision\": null, \"date\": \"2019-09-03\", \"intro\": \"\\u3053\\u306e\\u5ea6 mosquitone \\u304c\\u521d\\u306e\\u30c7\\u30e2\\u97f3\\u6e90\\u300cdemo #01\\u300d\\u3092\\u516c\\u958b\\u3057\\u307e\\u3057\\u305f\\u3053\\u3068\\u3092\\u304a\\u77e5\\u3089\\u305b\\u3044\\u305f\\u3057\\u307e\\u3059\\u3002\", \"body\": \"<p>\\u3053\\u3093\\u306b\\u3061\\u306f\\u3002</p><p>\\u3053\\u306e\\u5ea6\\u3001mosquitone \\u304c\\u521d\\u306e\\u30c7\\u30e2\\u97f3\\u6e90\\u3068\\u306a\\u308b\\u300cdemo #01\\u300d</p>\", \"author\": null, \"tagged_items\": [{\"pk\": 6, \"tag\": 6, \"content_object\": 14}], \"gallery_images\": [], \"categories\": []}",
    "approved_go_live_at": null
  }
},
{
  "model": "wagtailcore.pagerevision",
  "pk": 58,
  "fields": {
    "page": 14,
    "submitted_for_moderation": false,
    "created_at": "2019-09-03T09:28:56.125Z",
    "user": [
      "yyamashita"
    ],
    "content_json": "{\"pk\": 14, \"path\": \"0001000200040002\", \"depth\": 4, \"numchild\": 0, \"title\": \"\\u30c7\\u30e2\\u97f3\\u6e90\\u300cdemo #01\\u300d\\u3092\\u516c\\u958b\\u3044\\u305f\\u3057\\u307e\\u3057\\u305f\", \"draft_title\": \"\\u30c7\\u30e2\\u97f3\\u6e90\\u300cdemo #01\\u300d\\u3092\\u516c\\u958b\\u3044\\u305f\\u3057\\u307e\\u3057\\u305f\", \"slug\": \"\\u30c7\\u30e2\\u97f3\\u6e90demo-01\\u3092\\u516c\\u958b\\u3044\\u305f\\u3057\\u307e\\u3057\\u305f\", \"content_type\": 10, \"live\": false, \"has_unpublished_changes\": true, \"url_path\": \"/home/news/\\u30c7\\u30e2\\u97f3\\u6e90demo-01\\u3092\\u516c\\u958b\\u3044\\u305f\\u3057\\u307e\\u3057\\u305f/\", \"owner\": 1, \"seo_title\": \"\", \"show_in_menus\": false, \"search_description\": \"\", \"go_live_at\": null, \"expire_at\": null, \"expired\": false, \"locked\": false, \"first_published_at\": null, \"last_published_at\": null, \"latest_revision_created_at\": \"2019-09-03T09:24:28.037Z\", \"live_revision\": null, \"date\": \"2019-09-03\", \"intro\": \"\\u3053\\u306e\\u5ea6 mosquitone \\u304c\\u521d\\u306e\\u30c7\\u30e2\\u97f3\\u6e90\\u300cdemo #01\\u300d\\u3092\\u516c\\u958b\\u3057\\u307e\\u3057\\u305f\\u3053\\u3068\\u3092\\u304a\\u77e5\\u3089\\u305b\\u3044\\u305f\\u3057\\u307e\\u3059\\u3002\", \"body\": \"<p>\\u3053\\u3093\\u306b\\u3061\\u306f\\u3002</p><p>\\u3053\\u306e\\u5ea6\\u3001mosquitone \\u304c\\u521d\\u306e\\u30c7\\u30e2\\u97f3\\u6e90\\u3068\\u306a\\u308b\\u300c<a id=\\\"11\\\" linktype=\\\"page\\\">demo#01</a>\\u300d\\u3092\\u516c\\u958b\\u3044\\u305f\\u3057\\u307e\\u3057\\u305f\\u3002</p><p><a href=\\\"https://mosquitone.bandcamp.com/album/demo-01\\\">bandcamp</a> \\u3067\\u306e\\u97f3\\u6e90\\u8996\\u8074\\u306e\\u4ed6\\u3001<a href=\\\"https://www.youtube.com/channel/UCkGHjxTGURpNC6kCpwscKyg?view_as=subscriber\\\">Youtube \\u516c\\u5f0f\\u30c1\\u30e3\\u30f3\\u30cd\\u30eb</a> \\u3067\\u3001\\u672c\\u97f3\\u6e90\\u53ce\\u9332\\u306e\\u69d8\\u5b50\\u3092 <a href=\\\"https://youtu.be/IDVYa-05hgM\\\">My sadness MV\\u98a8\\u30d3\\u30c7\\u30aa</a> \\u3067\\u8996\\u8074\\u3044\\u305f\\u3060\\u3051\\u307e\\u3059\\uff01(\\u30a8\\u30e2\\u3044\\u306a\\u3041\\uff01)</p><p>\\u5f15\\u304d\\u7d9a\\u304d\\u3088\\u308d\\u3057\\u304f\\u304a\\u9858\\u3044\\u3044\\u305f\\u3057\\u307e\\u3059\\u3002</p>\", \"author\": null, \"tagged_items\": [{\"pk\": null, \"tag\": 6, \"content_object\": 14}], \"gallery_images\": [{\"pk\": null, \"sort_order\": 0, \"page\": 14, \"image\": 19, \"caption\": \"\"}], \"categories\": []}",
    "approved_go_live_at": null
  }
},
{
  "model": "wagtailcore.pagerevision",
  "pk": 59,
  "fields": {
    "page": 12,
    "submitted_for_moderation": false,
    "created_at": "2019-09-03T09:29:22.191Z",
    "user": [
      "yyamashita"
    ],
    "content_json": "{\"pk\": 12, \"path\": \"0001000200040001\", \"depth\": 4, \"numchild\": 0, \"title\": \"mosquitone \\u516c\\u5f0f\\u30b5\\u30a4\\u30c8\\u3092\\u516c\\u958b\\u3057\\u307e\\u3057\\u305f\", \"draft_title\": \"mosquitone \\u516c\\u5f0f\\u30b5\\u30a4\\u30c8\\u3092\\u516c\\u958b\\u3057\\u307e\\u3057\\u305f\", \"slug\": \"mosquitone-\\u516c\\u5f0f\\u30b5\\u30a4\\u30c8\\u3092\\u516c\\u958b\\u3057\\u307e\\u3057\\u305f\", \"content_type\": 10, \"live\": true, \"has_unpublished_changes\": false, \"url_path\": \"/home/news/mosquitone-\\u516c\\u5f0f\\u30b5\\u30a4\\u30c8\\u3092\\u516c\\u958b\\u3057\\u307e\\u3057\\u305f/\", \"owner\": 1, \"seo_title\": \"\", \"show_in_menus\": false, \"search_description\": \"\", \"go_live_at\": null, \"expire_at\": null, \"expired\": false, \"locked\": false, \"first_published_at\": \"2019-08-09T17:57:22.638Z\", \"last_published_at\": \"2019-09-02T16:15:01.896Z\", \"latest_revision_created_at\": \"2019-09-02T16:15:01.847Z\", \"live_revision\": 52, \"date\": \"2019-09-02\", \"intro\": \"\\u3053\\u306e\\u5ea6 mosquitone \\u304c\\u516c\\u5f0f\\u30b5\\u30a4\\u30c8\\u3092\\u516c\\u958b\\u3057\\u307e\\u3057\\u305f\\u3053\\u3068\\u3092\\u304a\\u77e5\\u3089\\u305b\\u3044\\u305f\\u3057\\u307e\\u3059\\u3002\", \"body\": \"<p>\\u3053\\u306e\\u5ea6 mosquitone \\u304c <a id=\\\"3\\\" linktype=\\\"page\\\">\\u516c\\u5f0f\\u30b5\\u30a4\\u30c8</a> \\u3092\\u516c\\u958b\\u3057\\u307e\\u3057\\u305f\\u3002</p><p>\\u3053\\u306e\\u30b5\\u30a4\\u30c8\\u306f <a id=\\\"9\\\" linktype=\\\"page\\\">\\u30e9\\u30a4\\u30d6\\u60c5\\u5831</a> \\u3084 <a id=\\\"6\\\" linktype=\\\"page\\\">\\u97f3\\u6e90</a> \\u306a\\u3069\\u3001mosquitone \\u306e\\u69d8\\u3005\\u306a\\u6d3b\\u52d5\\u30fb\\u60c5\\u5831\\u3092\\u767a\\u4fe1\\u3059\\u308b\\u30dd\\u30fc\\u30bf\\u30eb\\u3067\\u3059\\u3002</p><p>\\u4eca\\u307e\\u3067\\u60c5\\u5831\\u3092\\u767a\\u4fe1\\u3057\\u3066\\u304d\\u307e\\u3057\\u305f <a id=\\\"5\\\" linktype=\\\"page\\\">SNS</a> \\b\\u3082\\u3001\\u4eca\\u5ea6\\u3068\\u3082\\u66f4\\u65b0\\u3057\\u3066\\u53c2\\u308a\\u307e\\u3059\\u306e\\u3067\\u3001<br/>\\u305d\\u3061\\u3089\\u3082\\u4f75\\u305b\\u3066\\u3001\\u3054\\u53c2\\u7167\\u304f\\u3060\\u3055\\u3044\\u307e\\u305b\\u3002</p><p>\\u5f15\\u304d\\u7d9a\\u304d\\u3001\\u3088\\u308d\\u3057\\u304f\\u304a\\u9858\\u3044\\u3044\\u305f\\u3057\\u307e\\u3059\\u3002</p>\", \"author\": null, \"tagged_items\": [{\"pk\": null, \"tag\": 7, \"content_object\": 12}], \"gallery_images\": [], \"categories\": []}",
    "approved_go_live_at": null
  }
},
{
  "model": "wagtailcore.pagerevision",
  "pk": 60,
  "fields": {
    "page": 14,
    "submitted_for_moderation": false,
    "created_at": "2019-09-03T09:30:03.604Z",
    "user": [
      "yyamashita"
    ],
    "content_json": "{\"pk\": 14, \"path\": \"0001000200040002\", \"depth\": 4, \"numchild\": 0, \"title\": \"\\u30c7\\u30e2\\u97f3\\u6e90\\u300cdemo #01\\u300d\\u3092\\u516c\\u958b\\u3044\\u305f\\u3057\\u307e\\u3057\\u305f\", \"draft_title\": \"\\u30c7\\u30e2\\u97f3\\u6e90\\u300cdemo #01\\u300d\\u3092\\u516c\\u958b\\u3044\\u305f\\u3057\\u307e\\u3057\\u305f\", \"slug\": \"\\u30c7\\u30e2\\u97f3\\u6e90demo-01\\u3092\\u516c\\u958b\\u3044\\u305f\\u3057\\u307e\\u3057\\u305f\", \"content_type\": 10, \"live\": true, \"has_unpublished_changes\": false, \"url_path\": \"/home/news/\\u30c7\\u30e2\\u97f3\\u6e90demo-01\\u3092\\u516c\\u958b\\u3044\\u305f\\u3057\\u307e\\u3057\\u305f/\", \"owner\": 1, \"seo_title\": \"\", \"show_in_menus\": false, \"search_description\": \"\", \"go_live_at\": null, \"expire_at\": null, \"expired\": false, \"locked\": false, \"first_published_at\": \"2019-09-03T09:28:56.169Z\", \"last_published_at\": \"2019-09-03T09:28:56.169Z\", \"latest_revision_created_at\": \"2019-09-03T09:28:56.125Z\", \"live_revision\": 58, \"date\": \"2019-09-03\", \"intro\": \"\\u3053\\u306e\\u5ea6 mosquitone \\u304c\\u521d\\u306e\\u30c7\\u30e2\\u97f3\\u6e90\\u300cdemo #01\\u300d\\u3092\\u516c\\u958b\\u3057\\u307e\\u3057\\u305f\\u3053\\u3068\\u3092\\u304a\\u77e5\\u3089\\u305b\\u3044\\u305f\\u3057\\u307e\\u3059\\u3002\", \"body\": \"<p>\\u3053\\u3093\\u306b\\u3061\\u306f\\u3002</p><p>\\u3053\\u306e\\u5ea6\\u3001mosquitone \\u304c\\u521d\\u306e\\u30c7\\u30e2\\u97f3\\u6e90\\u3068\\u306a\\u308b\\u300c<a id=\\\"11\\\" linktype=\\\"page\\\">demo#01</a>\\u300d\\u3092\\u516c\\u958b\\u3044\\u305f\\u3057\\u307e\\u3057\\u305f\\u3002</p><p></p><embed alt=\\\"mosquitone_demo1.jpg\\\" embedtype=\\\"image\\\" format=\\\"left\\\" id=\\\"19\\\"/><p></p><p><a href=\\\"https://mosquitone.bandcamp.com/album/demo-01\\\">bandcamp</a> \\u3067\\u306e\\u97f3\\u6e90\\u8996\\u8074\\u306e\\u4ed6\\u3001<a href=\\\"https://www.youtube.com/channel/UCkGHjxTGURpNC6kCpwscKyg?view_as=subscriber\\\">Youtube \\u516c\\u5f0f\\u30c1\\u30e3\\u30f3\\u30cd\\u30eb</a> \\u3067\\u3001\\u672c\\u97f3\\u6e90\\u53ce\\u9332\\u306e\\u69d8\\u5b50\\u3092 <a href=\\\"https://youtu.be/IDVYa-05hgM\\\">My sadness MV\\u98a8\\u30d3\\u30c7\\u30aa</a> \\u3067\\u8996\\u8074\\u3044\\u305f\\u3060\\u3051\\u307e\\u3059\\uff01(\\u30a8\\u30e2\\u3044\\u306a\\u3041\\uff01)</p><p>\\u5f15\\u304d\\u7d9a\\u304d\\u3088\\u308d\\u3057\\u304f\\u304a\\u9858\\u3044\\u3044\\u305f\\u3057\\u307e\\u3059\\u3002</p>\", \"author\": null, \"tagged_items\": [{\"pk\": null, \"tag\": 6, \"content_object\": 14}], \"gallery_images\": [{\"pk\": 1, \"sort_order\": 0, \"page\": 14, \"image\": 19, \"caption\": \"\"}], \"categories\": []}",
    "approved_go_live_at": null
  }
},
{
  "model": "wagtailcore.pagerevision",
  "pk": 61,
  "fields": {
    "page": 14,
    "submitted_for_moderation": false,
    "created_at": "2019-09-03T09:33:52.853Z",
    "user": [
      "yyamashita"
    ],
    "content_json": "{\"pk\": 14, \"path\": \"0001000200040002\", \"depth\": 4, \"numchild\": 0, \"title\": \"\\u30c7\\u30e2\\u97f3\\u6e90\\u300cdemo #01\\u300d\\u3092\\u516c\\u958b\\u3044\\u305f\\u3057\\u307e\\u3057\\u305f\", \"draft_title\": \"\\u30c7\\u30e2\\u97f3\\u6e90\\u300cdemo #01\\u300d\\u3092\\u516c\\u958b\\u3044\\u305f\\u3057\\u307e\\u3057\\u305f\", \"slug\": \"\\u30c7\\u30e2\\u97f3\\u6e90demo-01\\u3092\\u516c\\u958b\\u3044\\u305f\\u3057\\u307e\\u3057\\u305f\", \"content_type\": 10, \"live\": true, \"has_unpublished_changes\": false, \"url_path\": \"/home/news/\\u30c7\\u30e2\\u97f3\\u6e90demo-01\\u3092\\u516c\\u958b\\u3044\\u305f\\u3057\\u307e\\u3057\\u305f/\", \"owner\": 1, \"seo_title\": \"\", \"show_in_menus\": false, \"search_description\": \"\", \"go_live_at\": null, \"expire_at\": null, \"expired\": false, \"locked\": false, \"first_published_at\": \"2019-09-03T09:28:56.169Z\", \"last_published_at\": \"2019-09-03T09:30:03.658Z\", \"latest_revision_created_at\": \"2019-09-03T09:30:03.604Z\", \"live_revision\": 60, \"date\": \"2019-09-03\", \"intro\": \"\\u3053\\u306e\\u5ea6 mosquitone \\u304c\\u521d\\u306e\\u30c7\\u30e2\\u97f3\\u6e90\\u300cdemo #01\\u300d\\u3092\\u516c\\u958b\\u3057\\u307e\\u3057\\u305f\\u3053\\u3068\\u3092\\u304a\\u77e5\\u3089\\u305b\\u3044\\u305f\\u3057\\u307e\\u3059\\u3002\", \"body\": \"<p>\\u3053\\u3093\\u306b\\u3061\\u306f\\u3002</p><p>\\u3053\\u306e\\u5ea6\\u3001mosquitone \\u304c\\u521d\\u306e\\u30c7\\u30e2\\u97f3\\u6e90\\u3068\\u306a\\u308b\\u300c<a id=\\\"11\\\" linktype=\\\"page\\\">demo#01</a>\\u300d\\u3092\\u516c\\u958b\\u3044\\u305f\\u3057\\u307e\\u3057\\u305f\\u3002</p><p></p><embed alt=\\\"mosquitone_demo1.jpg\\\" embedtype=\\\"image\\\" format=\\\"left\\\" id=\\\"19\\\"/><p></p><p><a href=\\\"https://mosquitone.bandcamp.com/album/demo-01\\\">bandcamp</a> \\u3067\\u306e\\u97f3\\u6e90\\u8996\\u8074\\u306e\\u4ed6\\u3001<a href=\\\"https://www.youtube.com/channel/UCkGHjxTGURpNC6kCpwscKyg?view_as=subscriber\\\">Youtube \\u516c\\u5f0f\\u30c1\\u30e3\\u30f3\\u30cd\\u30eb</a> \\u3067\\u3001\\u672c\\u97f3\\u6e90\\u53ce\\u9332\\u306e\\u69d8\\u5b50\\u3092 <a href=\\\"https://youtu.be/IDVYa-05hgM\\\">My sadness MV\\u98a8\\u30d3\\u30c7\\u30aa</a> \\u3067\\u8996\\u8074\\u3044\\u305f\\u3060\\u3051\\u307e\\u3059\\uff01(\\u30a8\\u30e2\\u3044\\u306a\\u3041\\uff01)</p><embed embedtype=\\\"media\\\" url=\\\"https://youtu.be/IDVYa-05hgM\\\"/><p></p><p>\\u97f3\\u6e90\\u8a73\\u7d30\\u306f<a id=\\\"11\\\" linktype=\\\"page\\\">\\u30b3\\u30c1\\u30e9</a></p><p>\\u5f15\\u304d\\u7d9a\\u304d\\u3088\\u308d\\u3057\\u304f\\u304a\\u9858\\u3044\\u3044\\u305f\\u3057\\u307e\\u3059\\u3002</p>\", \"author\": null, \"tagged_items\": [{\"pk\": null, \"tag\": 6, \"content_object\": 14}], \"gallery_images\": [{\"pk\": 1, \"sort_order\": 0, \"page\": 14, \"image\": 19, \"caption\": \"\"}], \"categories\": []}",
    "approved_go_live_at": null
  }
},
{
  "model": "wagtailcore.pagerevision",
  "pk": 62,
  "fields": {
    "page": 14,
    "submitted_for_moderation": false,
    "created_at": "2019-09-03T09:42:59.579Z",
    "user": [
      "yyamashita"
    ],
    "content_json": "{\"pk\": 14, \"path\": \"0001000200040002\", \"depth\": 4, \"numchild\": 0, \"title\": \"\\u30c7\\u30e2\\u97f3\\u6e90\\u300cdemo #01\\u300d\\u3092\\u516c\\u958b\\u3044\\u305f\\u3057\\u307e\\u3057\\u305f\", \"draft_title\": \"\\u30c7\\u30e2\\u97f3\\u6e90\\u300cdemo #01\\u300d\\u3092\\u516c\\u958b\\u3044\\u305f\\u3057\\u307e\\u3057\\u305f\", \"slug\": \"\\u30c7\\u30e2\\u97f3\\u6e90demo-01\\u3092\\u516c\\u958b\\u3044\\u305f\\u3057\\u307e\\u3057\\u305f\", \"content_type\": 10, \"live\": true, \"has_unpublished_changes\": false, \"url_path\": \"/home/news/\\u30c7\\u30e2\\u97f3\\u6e90demo-01\\u3092\\u516c\\u958b\\u3044\\u305f\\u3057\\u307e\\u3057\\u305f/\", \"owner\": 1, \"seo_title\": \"\", \"show_in_menus\": false, \"search_description\": \"\", \"go_live_at\": null, \"expire_at\": null, \"expired\": false, \"locked\": false, \"first_published_at\": \"2019-09-03T09:28:56.169Z\", \"last_published_at\": \"2019-09-03T09:33:52.927Z\", \"latest_revision_created_at\": \"2019-09-03T09:33:52.853Z\", \"live_revision\": 61, \"date\": \"2019-09-03\", \"intro\": \"\\u3053\\u306e\\u5ea6 mosquitone \\u304c\\u521d\\u306e\\u30c7\\u30e2\\u97f3\\u6e90\\u300cdemo #01\\u300d\\u3092\\u516c\\u958b\\u3057\\u307e\\u3057\\u305f\\u3053\\u3068\\u3092\\u304a\\u77e5\\u3089\\u305b\\u3044\\u305f\\u3057\\u307e\\u3059\\u3002\", \"body\": \"<p>\\u3053\\u3093\\u306b\\u3061\\u306f\\u3002</p><p>\\u3053\\u306e\\u5ea6\\u3001mosquitone \\u304c\\u521d\\u306e\\u30c7\\u30e2\\u97f3\\u6e90\\u3068\\u306a\\u308b\\u300c<a id=\\\"11\\\" linktype=\\\"page\\\">demo#01</a>\\u300d\\u3092\\u516c\\u958b\\u3044\\u305f\\u3057\\u307e\\u3057\\u305f\\u3002</p><p></p><embed alt=\\\"mosquitone_demo1.jpg\\\" embedtype=\\\"image\\\" format=\\\"left\\\" id=\\\"19\\\"/><p><a id=\\\"11\\\" linktype=\\\"page\\\">\\u30b3\\u30c1\\u30e9</a>\\u304b\\u3089 \\u97f3\\u6e90\\u8996\\u8074\\u3044\\u305f\\u3060\\u3051\\u307e\\u3059\\u3002\\u662f\\u975e\\u3054\\u8996\\u8074\\u304f\\u3060\\u3055\\u3044\\u3002</p><p>\\u307e\\u305f\\u3001<a href=\\\"https://www.youtube.com/channel/UCkGHjxTGURpNC6kCpwscKyg?view_as=subscriber\\\">Youtube \\u516c\\u5f0f\\u30c1\\u30e3\\u30f3\\u30cd\\u30eb</a> \\u3067\\u3001\\u672c\\u97f3\\u6e90\\u53ce\\u9332\\u306e\\u69d8\\u5b50\\u3092 <a href=\\\"https://youtu.be/IDVYa-05hgM\\\">My sadness MV\\u98a8\\u30d3\\u30c7\\u30aa</a> \\u306b\\u3044\\u305f\\u3057\\u307e\\u3057\\u305f\\u3002(\\u30a8\\u30e2\\u3044\\u306a\\u3041\\uff01)<br/>\\u662f\\u975e\\u3001\\u4f75\\u305b\\u3066\\u3053\\u3061\\u3089\\u3082\\u3054\\u8996\\u8074\\u304f\\u3060\\u3055\\u3044\\u307e\\u305b\\u3002</p><embed embedtype=\\\"media\\\" url=\\\"https://youtu.be/IDVYa-05hgM\\\"/><p></p><p>\\u4ee5\\u4e0a\\u3067\\u3059\\u3001\\u5f15\\u304d\\u7d9a\\u304d\\u3088\\u308d\\u3057\\u304f\\u304a\\u9858\\u3044\\u3044\\u305f\\u3057\\u307e\\u3059\\u3002</p>\", \"author\": null, \"tagged_items\": [{\"pk\": null, \"tag\": 6, \"content_object\": 14}], \"gallery_images\": [{\"pk\": 1, \"sort_order\": 0, \"page\": 14, \"image\": 19, \"caption\": \"\"}], \"categories\": []}",
    "approved_go_live_at": null
  }
},
{
  "model": "wagtailcore.pagerevision",
  "pk": 63,
  "fields": {
    "page": 14,
    "submitted_for_moderation": false,
    "created_at": "2019-09-03T09:44:57.712Z",
    "user": [
      "yyamashita"
    ],
    "content_json": "{\"pk\": 14, \"path\": \"0001000200040002\", \"depth\": 4, \"numchild\": 0, \"title\": \"\\u30c7\\u30e2\\u97f3\\u6e90\\u300cdemo #01\\u300d\\u3092\\u516c\\u958b\\u3044\\u305f\\u3057\\u307e\\u3057\\u305f\", \"draft_title\": \"\\u30c7\\u30e2\\u97f3\\u6e90\\u300cdemo #01\\u300d\\u3092\\u516c\\u958b\\u3044\\u305f\\u3057\\u307e\\u3057\\u305f\", \"slug\": \"\\u30c7\\u30e2\\u97f3\\u6e90demo-01\\u3092\\u516c\\u958b\\u3044\\u305f\\u3057\\u307e\\u3057\\u305f\", \"content_type\": 10, \"live\": true, \"has_unpublished_changes\": false, \"url_path\": \"/home/news/\\u30c7\\u30e2\\u97f3\\u6e90demo-01\\u3092\\u516c\\u958b\\u3044\\u305f\\u3057\\u307e\\u3057\\u305f/\", \"owner\": 1, \"seo_title\": \"\", \"show_in_menus\": false, \"search_description\": \"\", \"go_live_at\": null, \"expire_at\": null, \"expired\": false, \"locked\": false, \"first_published_at\": \"2019-09-03T09:28:56.169Z\", \"last_published_at\": \"2019-09-03T09:42:59.624Z\", \"latest_revision_created_at\": \"2019-09-03T09:42:59.579Z\", \"live_revision\": 62, \"date\": \"2019-09-03\", \"intro\": \"\\u3053\\u306e\\u5ea6 mosquitone \\u304c\\u521d\\u306e\\u30c7\\u30e2\\u97f3\\u6e90\\u300cdemo #01\\u300d\\u3092\\u516c\\u958b\\u3057\\u307e\\u3057\\u305f\\u3053\\u3068\\u3092\\u304a\\u77e5\\u3089\\u305b\\u3044\\u305f\\u3057\\u307e\\u3059\\u3002\", \"body\": \"<p>\\u3053\\u3093\\u306b\\u3061\\u306f\\u3002mosquitone \\u3067\\u3059\\u3002</p><p>\\u3053\\u306e\\u5ea6\\u3001mosquitone \\u304c\\u521d\\u306e\\u30c7\\u30e2\\u97f3\\u6e90\\u3068\\u306a\\u308b\\u300c<a id=\\\"11\\\" linktype=\\\"page\\\">demo#01</a>\\u300d\\u3092\\u516c\\u958b\\u3044\\u305f\\u3057\\u307e\\u3057\\u305f\\u3002</p><p><a id=\\\"11\\\" linktype=\\\"page\\\">\\u672c\\u30b5\\u30a4\\u30c8\\u300cmusic\\u300d\\u30da\\u30fc\\u30b8</a>\\u3067 \\u672c\\u97f3\\u6e90\\u3092\\u8996\\u8074\\u3044\\u305f\\u3060\\u3051\\u307e\\u3059\\u3002<br/>\\u662f\\u975e\\u3054\\u8996\\u8074\\u304f\\u3060\\u3055\\u3044\\uff01</p><p></p><embed alt=\\\"mosquitone_demo1.jpg\\\" embedtype=\\\"image\\\" format=\\\"left\\\" id=\\\"19\\\"/><p>\\u307e\\u305f\\u3001<a href=\\\"https://www.youtube.com/channel/UCkGHjxTGURpNC6kCpwscKyg?view_as=subscriber\\\">Youtube \\u516c\\u5f0f\\u30c1\\u30e3\\u30f3\\u30cd\\u30eb</a> \\u3067\\u3001 <a href=\\\"https://youtu.be/IDVYa-05hgM\\\">My sadness MV\\u98a8\\u30d3\\u30c7\\u30aa</a> \\u3068\\u3057\\u3066\\u672c\\u97f3\\u6e90\\u53ce\\u9332\\u306e\\u69d8\\u5b50\\u3092\\u3054\\u8996\\u8074\\u3044\\u305f\\u3060\\u3051\\u307e\\u3059\\uff01(\\u30a8\\u30e2\\u3044\\u306a\\u3041\\uff01)<br/>\\u662f\\u975e\\u3001\\u4f75\\u305b\\u3066\\u3053\\u3061\\u3089\\u3082\\u3054\\u8996\\u8074\\u304f\\u3060\\u3055\\u3044\\u307e\\u305b\\u3002</p><embed embedtype=\\\"media\\\" url=\\\"https://youtu.be/IDVYa-05hgM\\\"/><p></p><p>\\u4ee5\\u4e0a\\u3067\\u3059\\u3001\\u5f15\\u304d\\u7d9a\\u304d\\u3088\\u308d\\u3057\\u304f\\u304a\\u9858\\u3044\\u3044\\u305f\\u3057\\u307e\\u3059\\u3002</p>\", \"author\": null, \"tagged_items\": [{\"pk\": null, \"tag\": 6, \"content_object\": 14}], \"gallery_images\": [{\"pk\": 1, \"sort_order\": 0, \"page\": 14, \"image\": 19, \"caption\": \"\"}], \"categories\": []}",
    "approved_go_live_at": null
  }
},
{
  "model": "wagtailcore.pagerevision",
  "pk": 64,
  "fields": {
    "page": 14,
    "submitted_for_moderation": false,
    "created_at": "2019-09-03T09:46:15.702Z",
    "user": [
      "yyamashita"
    ],
    "content_json": "{\"pk\": 14, \"path\": \"0001000200040002\", \"depth\": 4, \"numchild\": 0, \"title\": \"\\u30c7\\u30e2\\u97f3\\u6e90\\u300cdemo #01\\u300d\\u3092\\u516c\\u958b\\u3044\\u305f\\u3057\\u307e\\u3057\\u305f\", \"draft_title\": \"\\u30c7\\u30e2\\u97f3\\u6e90\\u300cdemo #01\\u300d\\u3092\\u516c\\u958b\\u3044\\u305f\\u3057\\u307e\\u3057\\u305f\", \"slug\": \"\\u30c7\\u30e2\\u97f3\\u6e90demo-01\\u3092\\u516c\\u958b\\u3044\\u305f\\u3057\\u307e\\u3057\\u305f\", \"content_type\": 10, \"live\": true, \"has_unpublished_changes\": false, \"url_path\": \"/home/news/\\u30c7\\u30e2\\u97f3\\u6e90demo-01\\u3092\\u516c\\u958b\\u3044\\u305f\\u3057\\u307e\\u3057\\u305f/\", \"owner\": 1, \"seo_title\": \"\", \"show_in_menus\": false, \"search_description\": \"\", \"go_live_at\": null, \"expire_at\": null, \"expired\": false, \"locked\": false, \"first_published_at\": \"2019-09-03T09:28:56.169Z\", \"last_published_at\": \"2019-09-03T09:44:57.762Z\", \"latest_revision_created_at\": \"2019-09-03T09:44:57.712Z\", \"live_revision\": 63, \"date\": \"2019-09-03\", \"intro\": \"\\u3053\\u306e\\u5ea6 mosquitone \\u304c\\u521d\\u306e\\u30c7\\u30e2\\u97f3\\u6e90\\u300cdemo #01\\u300d\\u3092\\u516c\\u958b\\u3057\\u307e\\u3057\\u305f\\u3053\\u3068\\u3092\\u304a\\u77e5\\u3089\\u305b\\u3044\\u305f\\u3057\\u307e\\u3059\\u3002\", \"body\": \"<p>\\u3053\\u3093\\u306b\\u3061\\u306f\\u3002mosquitone \\u3067\\u3059\\u3002</p><p>\\u3053\\u306e\\u5ea6\\u3001mosquitone \\u304c\\u521d\\u306e\\u30c7\\u30e2\\u97f3\\u6e90\\u3068\\u306a\\u308b\\u300c<a id=\\\"11\\\" linktype=\\\"page\\\">demo#01</a>\\u300d\\u3092\\u516c\\u958b\\u3044\\u305f\\u3057\\u307e\\u3057\\u305f\\u3002</p><p><a id=\\\"11\\\" linktype=\\\"page\\\">\\u672c\\u30b5\\u30a4\\u30c8\\u300cmusic\\u300d\\u30da\\u30fc\\u30b8</a>\\u3067 \\u672c\\u97f3\\u6e90\\u3092\\u8996\\u8074\\u3044\\u305f\\u3060\\u3051\\u307e\\u3059\\u3002<br/>\\u662f\\u975e\\u3054\\u8996\\u8074\\u304f\\u3060\\u3055\\u3044\\uff01</p><embed alt=\\\"mosquitone_demo1.jpg\\\" embedtype=\\\"image\\\" format=\\\"left\\\" id=\\\"19\\\"/><p></p><p>\\u307e\\u305f\\u3001<a href=\\\"https://www.youtube.com/channel/UCkGHjxTGURpNC6kCpwscKyg?view_as=subscriber\\\">Youtube \\u516c\\u5f0f\\u30c1\\u30e3\\u30f3\\u30cd\\u30eb</a> \\u3067\\u3001 <a href=\\\"https://youtu.be/IDVYa-05hgM\\\">My sadness MV\\u98a8\\u30d3\\u30c7\\u30aa</a> \\u3068\\u3057\\u3066\\u3001\\u672c\\u97f3\\u6e90\\u53ce\\u9332\\u306e\\u69d8\\u5b50\\u3092\\u3054\\u8996\\u8074\\u3044\\u305f\\u3060\\u3051\\u307e\\u3059\\uff01(\\u30a8\\u30e2\\u3044\\u306a\\u3041\\uff01)</p><p><br/>\\u662f\\u975e\\u3001\\u4f75\\u305b\\u3066\\u3053\\u3061\\u3089\\u3082\\u3054\\u8996\\u8074\\u304f\\u3060\\u3055\\u3044\\u307e\\u305b\\u3002</p><embed embedtype=\\\"media\\\" url=\\\"https://youtu.be/IDVYa-05hgM\\\"/><p></p><p>\\u4ee5\\u4e0a\\u3067\\u3059\\u3001\\u5f15\\u304d\\u7d9a\\u304d\\u3088\\u308d\\u3057\\u304f\\u304a\\u9858\\u3044\\u3044\\u305f\\u3057\\u307e\\u3059\\u3002</p><p></p>\", \"author\": null, \"tagged_items\": [{\"pk\": null, \"tag\": 6, \"content_object\": 14}], \"gallery_images\": [{\"pk\": 1, \"sort_order\": 0, \"page\": 14, \"image\": 19, \"caption\": \"\"}], \"categories\": []}",
    "approved_go_live_at": null
  }
},
{
  "model": "wagtailcore.pagerevision",
  "pk": 65,
  "fields": {
    "page": 12,
    "submitted_for_moderation": false,
    "created_at": "2019-09-03T09:50:31.013Z",
    "user": [
      "yyamashita"
    ],
    "content_json": "{\"pk\": 12, \"path\": \"0001000200040001\", \"depth\": 4, \"numchild\": 0, \"title\": \"mosquitone \\u516c\\u5f0f\\u30b5\\u30a4\\u30c8\\u3092\\u516c\\u958b\\u3057\\u307e\\u3057\\u305f\", \"draft_title\": \"mosquitone \\u516c\\u5f0f\\u30b5\\u30a4\\u30c8\\u3092\\u516c\\u958b\\u3057\\u307e\\u3057\\u305f\", \"slug\": \"mosquitone-\\u516c\\u5f0f\\u30b5\\u30a4\\u30c8\\u3092\\u516c\\u958b\\u3057\\u307e\\u3057\\u305f\", \"content_type\": 10, \"live\": true, \"has_unpublished_changes\": false, \"url_path\": \"/home/news/mosquitone-\\u516c\\u5f0f\\u30b5\\u30a4\\u30c8\\u3092\\u516c\\u958b\\u3057\\u307e\\u3057\\u305f/\", \"owner\": 1, \"seo_title\": \"\", \"show_in_menus\": false, \"search_description\": \"\", \"go_live_at\": null, \"expire_at\": null, \"expired\": false, \"locked\": false, \"first_published_at\": \"2019-08-09T17:57:22.638Z\", \"last_published_at\": \"2019-09-03T09:29:22.238Z\", \"latest_revision_created_at\": \"2019-09-03T09:29:22.191Z\", \"live_revision\": 59, \"date\": \"2019-09-02\", \"intro\": \"\\u3053\\u306e\\u5ea6 mosquitone \\u304c\\u516c\\u5f0f\\u30b5\\u30a4\\u30c8\\u3092\\u516c\\u958b\\u3057\\u307e\\u3057\\u305f\\u3053\\u3068\\u3092\\u304a\\u77e5\\u3089\\u305b\\u3044\\u305f\\u3057\\u307e\\u3059\\u3002\", \"body\": \"<p>\\u3053\\u306e\\u5ea6 mosquitone \\u304c <a id=\\\"3\\\" linktype=\\\"page\\\">\\u516c\\u5f0f\\u30b5\\u30a4\\u30c8</a> \\u3092\\u516c\\u958b\\u3057\\u307e\\u3057\\u305f\\u3002</p><p>\\u3053\\u306e\\u30b5\\u30a4\\u30c8\\u306f <a id=\\\"9\\\" linktype=\\\"page\\\">\\u30e9\\u30a4\\u30d6\\u60c5\\u5831</a> \\u3084 <a id=\\\"6\\\" linktype=\\\"page\\\">\\u97f3\\u6e90</a> \\u306a\\u3069\\u3001mosquitone \\u306e\\u69d8\\u3005\\u306a\\u6d3b\\u52d5\\u30fb\\u60c5\\u5831\\u3092\\u767a\\u4fe1\\u3059\\u308b\\u30dd\\u30fc\\u30bf\\u30eb\\u3067\\u3059\\u3002</p><p>\\u4eca\\u307e\\u3067\\u60c5\\u5831\\u3092\\u767a\\u4fe1\\u3057\\u3066\\u304d\\u307e\\u3057\\u305f <a id=\\\"5\\\" linktype=\\\"page\\\">SNS</a> \\b\\u3082\\u3001\\u4eca\\u5ea6\\u3068\\u3082\\u66f4\\u65b0\\u3057\\u3066\\u53c2\\u308a\\u307e\\u3059\\u306e\\u3067\\u3001<br/>\\u305d\\u3061\\u3089\\u3082\\u4f75\\u305b\\u3066\\u3001\\u3054\\u53c2\\u7167\\u304f\\u3060\\u3055\\u3044\\u307e\\u305b\\u3002</p><p>\\u5f15\\u304d\\u7d9a\\u304d\\u3001\\u3088\\u308d\\u3057\\u304f\\u304a\\u9858\\u3044\\u3044\\u305f\\u3057\\u307e\\u3059\\u3002</p>\", \"author\": null, \"tagged_items\": [{\"pk\": null, \"tag\": 7, \"content_object\": 12}], \"gallery_images\": [{\"pk\": null, \"sort_order\": 0, \"page\": 12, \"image\": 22, \"caption\": \"\"}], \"categories\": []}",
    "approved_go_live_at": null
  }
},
{
  "model": "wagtailcore.pagerevision",
  "pk": 66,
  "fields": {
    "page": 14,
    "submitted_for_moderation": false,
    "created_at": "2019-09-03T09:51:20.572Z",
    "user": [
      "yyamashita"
    ],
    "content_json": "{\"pk\": 14, \"path\": \"0001000200040002\", \"depth\": 4, \"numchild\": 0, \"title\": \"\\u30c7\\u30e2\\u97f3\\u6e90\\u300cdemo #01\\u300d\\u3092\\u516c\\u958b\\u3057\\u307e\\u3057\\u305f\", \"draft_title\": \"\\u30c7\\u30e2\\u97f3\\u6e90\\u300cdemo #01\\u300d\\u3092\\u516c\\u958b\\u3044\\u305f\\u3057\\u307e\\u3057\\u305f\", \"slug\": \"\\u30c7\\u30e2\\u97f3\\u6e90demo-01\\u3092\\u516c\\u958b\\u3044\\u305f\\u3057\\u307e\\u3057\\u305f\", \"content_type\": 10, \"live\": true, \"has_unpublished_changes\": false, \"url_path\": \"/home/news/\\u30c7\\u30e2\\u97f3\\u6e90demo-01\\u3092\\u516c\\u958b\\u3044\\u305f\\u3057\\u307e\\u3057\\u305f/\", \"owner\": 1, \"seo_title\": \"\", \"show_in_menus\": false, \"search_description\": \"\", \"go_live_at\": null, \"expire_at\": null, \"expired\": false, \"locked\": false, \"first_published_at\": \"2019-09-03T09:28:56.169Z\", \"last_published_at\": \"2019-09-03T09:46:15.770Z\", \"latest_revision_created_at\": \"2019-09-03T09:46:15.702Z\", \"live_revision\": 64, \"date\": \"2019-09-03\", \"intro\": \"\\u3053\\u306e\\u5ea6 mosquitone \\u304c\\u521d\\u306e\\u30c7\\u30e2\\u97f3\\u6e90\\u300cdemo #01\\u300d\\u3092\\u516c\\u958b\\u3057\\u307e\\u3057\\u305f\\u3053\\u3068\\u3092\\u304a\\u77e5\\u3089\\u305b\\u3044\\u305f\\u3057\\u307e\\u3059\\u3002\", \"body\": \"<p>\\u3053\\u3093\\u306b\\u3061\\u306f\\u3002mosquitone \\u3067\\u3059\\u3002</p><p>\\u3053\\u306e\\u5ea6\\u3001mosquitone \\u304c\\u521d\\u306e\\u30c7\\u30e2\\u97f3\\u6e90\\u3068\\u306a\\u308b\\u300c<a id=\\\"11\\\" linktype=\\\"page\\\">demo#01</a>\\u300d\\u3092\\u516c\\u958b\\u3044\\u305f\\u3057\\u307e\\u3057\\u305f\\u3002</p><p><a id=\\\"11\\\" linktype=\\\"page\\\">\\u672c\\u30b5\\u30a4\\u30c8\\u300cmusic\\u300d\\u30da\\u30fc\\u30b8</a>\\u3067 \\u672c\\u97f3\\u6e90\\u3092\\u8996\\u8074\\u3044\\u305f\\u3060\\u3051\\u307e\\u3059\\u3002<br/>\\u662f\\u975e\\u3054\\u8996\\u8074\\u304f\\u3060\\u3055\\u3044\\uff01</p><embed alt=\\\"mosquitone_demo1.jpg\\\" embedtype=\\\"image\\\" format=\\\"left\\\" id=\\\"19\\\"/><p></p><p>\\u307e\\u305f\\u3001<a href=\\\"https://www.youtube.com/channel/UCkGHjxTGURpNC6kCpwscKyg?view_as=subscriber\\\">Youtube \\u516c\\u5f0f\\u30c1\\u30e3\\u30f3\\u30cd\\u30eb</a> \\u3067\\u3001 <a href=\\\"https://youtu.be/IDVYa-05hgM\\\">My sadness MV\\u98a8\\u30d3\\u30c7\\u30aa</a> \\u3068\\u3057\\u3066\\u3001\\u672c\\u97f3\\u6e90\\u53ce\\u9332\\u306e\\u69d8\\u5b50\\u3092\\u3054\\u8996\\u8074\\u3044\\u305f\\u3060\\u3051\\u307e\\u3059\\uff01(\\u30a8\\u30e2\\u3044\\u306a\\u3041\\uff01)</p><p><br/>\\u662f\\u975e\\u3001\\u4f75\\u305b\\u3066\\u3053\\u3061\\u3089\\u3082\\u3054\\u8996\\u8074\\u304f\\u3060\\u3055\\u3044\\u307e\\u305b\\u3002</p><embed embedtype=\\\"media\\\" url=\\\"https://youtu.be/IDVYa-05hgM\\\"/><p></p><p>\\u4eca\\u5f8c\\u3068\\u3082 mosquitone \\u3092\\u5f15\\u304d\\u7d9a\\u304d\\u3088\\u308d\\u3057\\u304f\\u304a\\u9858\\u3044\\u3044\\u305f\\u3057\\u307e\\u3059\\u3002</p><p></p>\", \"author\": null, \"tagged_items\": [{\"pk\": null, \"tag\": 6, \"content_object\": 14}], \"gallery_images\": [{\"pk\": 1, \"sort_order\": 0, \"page\": 14, \"image\": 19, \"caption\": \"\"}], \"categories\": []}",
    "approved_go_live_at": null
  }
},
{
  "model": "wagtailcore.pagerevision",
  "pk": 67,
  "fields": {
    "page": 14,
    "submitted_for_moderation": false,
    "created_at": "2019-09-03T09:55:28.981Z",
    "user": [
      "yyamashita"
    ],
    "content_json": "{\"pk\": 14, \"path\": \"0001000200040002\", \"depth\": 4, \"numchild\": 0, \"title\": \"\\u30c7\\u30e2\\u97f3\\u6e90\\u300cdemo #01\\u300d\\u3092\\u516c\\u958b\\u3057\\u307e\\u3057\\u305f\", \"draft_title\": \"\\u30c7\\u30e2\\u97f3\\u6e90\\u300cdemo #01\\u300d\\u3092\\u516c\\u958b\\u3057\\u307e\\u3057\\u305f\", \"slug\": \"\\u30c7\\u30e2\\u97f3\\u6e90demo-01\\u3092\\u516c\\u958b\\u3044\\u305f\\u3057\\u307e\\u3057\\u305f\", \"content_type\": 10, \"live\": true, \"has_unpublished_changes\": false, \"url_path\": \"/home/news/\\u30c7\\u30e2\\u97f3\\u6e90demo-01\\u3092\\u516c\\u958b\\u3044\\u305f\\u3057\\u307e\\u3057\\u305f/\", \"owner\": 1, \"seo_title\": \"\", \"show_in_menus\": false, \"search_description\": \"\", \"go_live_at\": null, \"expire_at\": null, \"expired\": false, \"locked\": false, \"first_published_at\": \"2019-09-03T09:28:56.169Z\", \"last_published_at\": \"2019-09-03T09:51:20.622Z\", \"latest_revision_created_at\": \"2019-09-03T09:51:20.572Z\", \"live_revision\": 66, \"date\": \"2019-09-03\", \"intro\": \"\\u3053\\u306e\\u5ea6 mosquitone \\u304c\\u521d\\u306e\\u30c7\\u30e2\\u97f3\\u6e90\\u300cdemo #01\\u300d\\u3092\\u516c\\u958b\\u3057\\u307e\\u3057\\u305f\\u3053\\u3068\\u3092\\u304a\\u77e5\\u3089\\u305b\\u3044\\u305f\\u3057\\u307e\\u3059\\u3002\", \"body\": \"<p>\\u3053\\u3093\\u306b\\u3061\\u306f\\u3002mosquitone \\u3067\\u3059\\u3002</p><p>\\u3053\\u306e\\u5ea6\\u3001mosquitone \\u304c\\u521d\\u306e\\u30c7\\u30e2\\u97f3\\u6e90\\u3068\\u306a\\u308b\\u300c<a id=\\\"11\\\" linktype=\\\"page\\\">demo#01</a>\\u300d\\u3092\\u516c\\u958b\\u3044\\u305f\\u3057\\u307e\\u3057\\u305f\\u3002</p><p><a id=\\\"11\\\" linktype=\\\"page\\\">\\u672c\\u30b5\\u30a4\\u30c8\\u300cmusic\\u300d\\u30da\\u30fc\\u30b8</a>\\u3067 \\u672c\\u97f3\\u6e90\\u3092\\u8996\\u8074\\u3044\\u305f\\u3060\\u3051\\u307e\\u3059\\u3002<br/>\\u662f\\u975e\\u3054\\u8996\\u8074\\u304f\\u3060\\u3055\\u3044\\uff01</p><p></p><embed alt=\\\"mosquitone_demo1.jpg\\\" embedtype=\\\"image\\\" format=\\\"fullwidth\\\" id=\\\"19\\\"/><p></p><p></p><p>\\u307e\\u305f\\u3001<a href=\\\"https://www.youtube.com/channel/UCkGHjxTGURpNC6kCpwscKyg?view_as=subscriber\\\">Youtube \\u516c\\u5f0f\\u30c1\\u30e3\\u30f3\\u30cd\\u30eb</a> \\u3067\\u3001 <a href=\\\"https://youtu.be/IDVYa-05hgM\\\">My sadness MV\\u98a8\\u30d3\\u30c7\\u30aa</a> \\u3068\\u3057\\u3066\\u3001\\u672c\\u97f3\\u6e90\\u53ce\\u9332\\u306e\\u69d8\\u5b50\\u3092\\u3054\\u8996\\u8074\\u3044\\u305f\\u3060\\u3051\\u307e\\u3059\\uff01(\\u30a8\\u30e2\\u3044\\u306a\\u3041\\uff01)</p><p><br/>\\u662f\\u975e\\u3001\\u4f75\\u305b\\u3066\\u3053\\u3061\\u3089\\u3082\\u3054\\u8996\\u8074\\u304f\\u3060\\u3055\\u3044\\u307e\\u305b\\u3002</p><embed embedtype=\\\"media\\\" url=\\\"https://youtu.be/IDVYa-05hgM\\\"/><p></p><p>\\u4eca\\u5f8c\\u3068\\u3082 mosquitone \\u3092\\u5f15\\u304d\\u7d9a\\u304d\\u3088\\u308d\\u3057\\u304f\\u304a\\u9858\\u3044\\u3044\\u305f\\u3057\\u307e\\u3059\\u3002</p><p></p>\", \"author\": null, \"tagged_items\": [{\"pk\": null, \"tag\": 6, \"content_object\": 14}], \"gallery_images\": [{\"pk\": 1, \"sort_order\": 0, \"page\": 14, \"image\": 19, \"caption\": \"\"}], \"categories\": []}",
    "approved_go_live_at": null
  }
},
{
  "model": "wagtailcore.pagerevision",
  "pk": 68,
  "fields": {
    "page": 14,
    "submitted_for_moderation": false,
    "created_at": "2019-09-03T09:56:11.304Z",
    "user": [
      "yyamashita"
    ],
    "content_json": "{\"pk\": 14, \"path\": \"0001000200040002\", \"depth\": 4, \"numchild\": 0, \"title\": \"\\u30c7\\u30e2\\u97f3\\u6e90\\u300cdemo #01\\u300d\\u3092\\u516c\\u958b\\u3057\\u307e\\u3057\\u305f\", \"draft_title\": \"\\u30c7\\u30e2\\u97f3\\u6e90\\u300cdemo #01\\u300d\\u3092\\u516c\\u958b\\u3057\\u307e\\u3057\\u305f\", \"slug\": \"\\u30c7\\u30e2\\u97f3\\u6e90demo-01\\u3092\\u516c\\u958b\\u3044\\u305f\\u3057\\u307e\\u3057\\u305f\", \"content_type\": 10, \"live\": true, \"has_unpublished_changes\": false, \"url_path\": \"/home/news/\\u30c7\\u30e2\\u97f3\\u6e90demo-01\\u3092\\u516c\\u958b\\u3044\\u305f\\u3057\\u307e\\u3057\\u305f/\", \"owner\": 1, \"seo_title\": \"\", \"show_in_menus\": false, \"search_description\": \"\", \"go_live_at\": null, \"expire_at\": null, \"expired\": false, \"locked\": false, \"first_published_at\": \"2019-09-03T09:28:56.169Z\", \"last_published_at\": \"2019-09-03T09:55:29.022Z\", \"latest_revision_created_at\": \"2019-09-03T09:55:28.981Z\", \"live_revision\": 67, \"date\": \"2019-09-03\", \"intro\": \"\\u3053\\u306e\\u5ea6 mosquitone \\u304c\\u521d\\u306e\\u30c7\\u30e2\\u97f3\\u6e90\\u300cdemo #01\\u300d\\u3092\\u516c\\u958b\\u3057\\u307e\\u3057\\u305f\\u3053\\u3068\\u3092\\u304a\\u77e5\\u3089\\u305b\\u3044\\u305f\\u3057\\u307e\\u3059\\u3002\", \"body\": \"<p>\\u3053\\u3093\\u306b\\u3061\\u306f\\u3002mosquitone \\u3067\\u3059\\u3002</p><p>\\u3053\\u306e\\u5ea6\\u3001mosquitone \\u304c\\u521d\\u306e\\u30c7\\u30e2\\u97f3\\u6e90\\u3068\\u306a\\u308b\\u300c<a id=\\\"11\\\" linktype=\\\"page\\\">demo#01</a>\\u300d\\u3092\\u516c\\u958b\\u3044\\u305f\\u3057\\u307e\\u3057\\u305f\\u3002</p><p><a id=\\\"11\\\" linktype=\\\"page\\\">\\u672c\\u30b5\\u30a4\\u30c8\\u300cmusic\\u300d\\u30da\\u30fc\\u30b8</a>\\u3067 \\u672c\\u97f3\\u6e90\\u3092\\u8996\\u8074\\u3044\\u305f\\u3060\\u3051\\u307e\\u3059\\u3002<br/>\\u662f\\u975e\\u3054\\u8996\\u8074\\u304f\\u3060\\u3055\\u3044\\uff01</p><p></p><embed alt=\\\"mosquitone_demo1.jpg\\\" embedtype=\\\"image\\\" format=\\\"left\\\" id=\\\"19\\\"/><p></p><p></p><p>\\u307e\\u305f\\u3001<a href=\\\"https://www.youtube.com/channel/UCkGHjxTGURpNC6kCpwscKyg?view_as=subscriber\\\">Youtube \\u516c\\u5f0f\\u30c1\\u30e3\\u30f3\\u30cd\\u30eb</a> \\u3067\\u3001 <a href=\\\"https://youtu.be/IDVYa-05hgM\\\">My sadness MV\\u98a8\\u30d3\\u30c7\\u30aa</a> \\u3068\\u3057\\u3066\\u3001\\u672c\\u97f3\\u6e90\\u53ce\\u9332\\u306e\\u69d8\\u5b50\\u3092\\u3054\\u8996\\u8074\\u3044\\u305f\\u3060\\u3051\\u307e\\u3059\\uff01(\\u30a8\\u30e2\\u3044\\u306a\\u3041\\uff01)</p><p><br/>\\u662f\\u975e\\u3001\\u4f75\\u305b\\u3066\\u3053\\u3061\\u3089\\u3082\\u3054\\u8996\\u8074\\u304f\\u3060\\u3055\\u3044\\u307e\\u305b\\u3002</p><embed embedtype=\\\"media\\\" url=\\\"https://youtu.be/IDVYa-05hgM\\\"/><p></p><p>\\u4eca\\u5f8c\\u3068\\u3082 mosquitone \\u3092\\u5f15\\u304d\\u7d9a\\u304d\\u3088\\u308d\\u3057\\u304f\\u304a\\u9858\\u3044\\u3044\\u305f\\u3057\\u307e\\u3059\\u3002</p><p></p>\", \"author\": null, \"tagged_items\": [{\"pk\": null, \"tag\": 6, \"content_object\": 14}], \"gallery_images\": [{\"pk\": 1, \"sort_order\": 0, \"page\": 14, \"image\": 19, \"caption\": \"\"}], \"categories\": []}",
    "approved_go_live_at": null
  }
},
{
  "model": "wagtailcore.pagerevision",
  "pk": 69,
  "fields": {
    "page": 14,
    "submitted_for_moderation": false,
    "created_at": "2019-09-03T10:07:49.807Z",
    "user": [
      "yyamashita"
    ],
    "content_json": "{\"pk\": 14, \"path\": \"0001000200040002\", \"depth\": 4, \"numchild\": 0, \"title\": \"\\u30c7\\u30e2\\u97f3\\u6e90\\u300cdemo #01\\u300d\\u3092\\u516c\\u958b\\u3057\\u307e\\u3057\\u305f\", \"draft_title\": \"\\u30c7\\u30e2\\u97f3\\u6e90\\u300cdemo #01\\u300d\\u3092\\u516c\\u958b\\u3057\\u307e\\u3057\\u305f\", \"slug\": \"\\u30c7\\u30e2\\u97f3\\u6e90demo-01\\u3092\\u516c\\u958b\\u3044\\u305f\\u3057\\u307e\\u3057\\u305f\", \"content_type\": 10, \"live\": true, \"has_unpublished_changes\": false, \"url_path\": \"/home/news/\\u30c7\\u30e2\\u97f3\\u6e90demo-01\\u3092\\u516c\\u958b\\u3044\\u305f\\u3057\\u307e\\u3057\\u305f/\", \"owner\": 1, \"seo_title\": \"\", \"show_in_menus\": false, \"search_description\": \"\", \"go_live_at\": null, \"expire_at\": null, \"expired\": false, \"locked\": false, \"first_published_at\": \"2019-09-03T09:28:56.169Z\", \"last_published_at\": \"2019-09-03T09:56:11.343Z\", \"latest_revision_created_at\": \"2019-09-03T09:56:11.304Z\", \"live_revision\": 68, \"date\": \"2019-09-03\", \"intro\": \"\\u3053\\u306e\\u5ea6 mosquitone \\u304c\\u521d\\u306e\\u30c7\\u30e2\\u97f3\\u6e90\\u300cdemo #01\\u300d\\u3092\\u516c\\u958b\\u3057\\u307e\\u3057\\u305f\\u3053\\u3068\\u3092\\u304a\\u77e5\\u3089\\u305b\\u3044\\u305f\\u3057\\u307e\\u3059\\u3002\", \"body\": \"<p>\\u3053\\u3093\\u306b\\u3061\\u306f\\u3002mosquitone \\u3067\\u3059\\u3002</p><p>\\u3053\\u306e\\u5ea6\\u3001mosquitone \\u304c\\u521d\\u306e\\u30c7\\u30e2\\u97f3\\u6e90\\u3068\\u306a\\u308b\\u300c<a id=\\\"11\\\" linktype=\\\"page\\\">demo#01</a>\\u300d\\u3092\\u516c\\u958b\\u3044\\u305f\\u3057\\u307e\\u3057\\u305f\\u3002</p><p><a id=\\\"11\\\" linktype=\\\"page\\\">\\u672c\\u30b5\\u30a4\\u30c8\\u300cmusic\\u300d\\u30da\\u30fc\\u30b8</a>\\u3067 \\u672c\\u97f3\\u6e90\\u3092\\u8996\\u8074\\u3044\\u305f\\u3060\\u3051\\u307e\\u3059\\u3002<br/>\\u662f\\u975e\\u3054\\u8996\\u8074\\u304f\\u3060\\u3055\\u3044\\uff01</p><p></p><embed alt=\\\"mosquitone_demo1.jpg\\\" embedtype=\\\"image\\\" format=\\\"left\\\" id=\\\"19\\\"/><p></p><p></p><p>\\u307e\\u305f\\u3001<a href=\\\"https://www.youtube.com/channel/UCkGHjxTGURpNC6kCpwscKyg?view_as=subscriber\\\">Youtube \\u516c\\u5f0f\\u30c1\\u30e3\\u30f3\\u30cd\\u30eb</a> \\u3067\\u3001 <a href=\\\"https://youtu.be/IDVYa-05hgM\\\">My sadness MV</a> \\u3068\\u3057\\u3066\\u3001\\u672c\\u97f3\\u6e90\\u53ce\\u9332\\u306e\\u69d8\\u5b50\\u3092\\u3054\\u8996\\u8074\\u3044\\u305f\\u3060\\u3051\\u307e\\u3059\\uff01(\\u30a8\\u30e2\\u3044\\u306a\\u3041\\uff01)</p><p><br/>\\u662f\\u975e\\u3001\\u4f75\\u305b\\u3066\\u3053\\u3061\\u3089\\u3082\\u3054\\u8996\\u8074\\u304f\\u3060\\u3055\\u3044\\u307e\\u305b\\u3002</p><embed embedtype=\\\"media\\\" url=\\\"https://youtu.be/IDVYa-05hgM\\\"/><p></p><p>\\u4eca\\u5f8c\\u3068\\u3082 mosquitone \\u3092\\u5f15\\u304d\\u7d9a\\u304d\\u3088\\u308d\\u3057\\u304f\\u304a\\u9858\\u3044\\u3044\\u305f\\u3057\\u307e\\u3059\\u3002</p><p></p>\", \"author\": null, \"tagged_items\": [{\"pk\": null, \"tag\": 6, \"content_object\": 14}], \"gallery_images\": [{\"pk\": 1, \"sort_order\": 0, \"page\": 14, \"image\": 19, \"caption\": \"\"}], \"categories\": []}",
    "approved_go_live_at": null
  }
},
{
  "model": "wagtailcore.pagerevision",
  "pk": 70,
  "fields": {
    "page": 14,
    "submitted_for_moderation": false,
    "created_at": "2019-09-03T10:11:19.363Z",
    "user": [
      "yyamashita"
    ],
    "content_json": "{\"pk\": 14, \"path\": \"0001000200040002\", \"depth\": 4, \"numchild\": 0, \"title\": \"\\u30c7\\u30e2\\u97f3\\u6e90\\u300cdemo #01\\u300d\\u3092\\u516c\\u958b\\u3057\\u307e\\u3057\\u305f\", \"draft_title\": \"\\u30c7\\u30e2\\u97f3\\u6e90\\u300cdemo #01\\u300d\\u3092\\u516c\\u958b\\u3057\\u307e\\u3057\\u305f\", \"slug\": \"\\u30c7\\u30e2\\u97f3\\u6e90demo-01\\u3092\\u516c\\u958b\\u3044\\u305f\\u3057\\u307e\\u3057\\u305f\", \"content_type\": 10, \"live\": true, \"has_unpublished_changes\": false, \"url_path\": \"/home/news/\\u30c7\\u30e2\\u97f3\\u6e90demo-01\\u3092\\u516c\\u958b\\u3044\\u305f\\u3057\\u307e\\u3057\\u305f/\", \"owner\": 1, \"seo_title\": \"\", \"show_in_menus\": false, \"search_description\": \"\", \"go_live_at\": null, \"expire_at\": null, \"expired\": false, \"locked\": false, \"first_published_at\": \"2019-09-03T09:28:56.169Z\", \"last_published_at\": \"2019-09-03T10:07:49.849Z\", \"latest_revision_created_at\": \"2019-09-03T10:07:49.807Z\", \"live_revision\": 69, \"date\": \"2019-09-03\", \"intro\": \"\\u3053\\u306e\\u5ea6 mosquitone \\u304c\\u521d\\u306e\\u30c7\\u30e2\\u97f3\\u6e90\\u300cdemo #01\\u300d\\u3092\\u516c\\u958b\\u3057\\u307e\\u3057\\u305f\\u3053\\u3068\\u3092\\u304a\\u77e5\\u3089\\u305b\\u3044\\u305f\\u3057\\u307e\\u3059\\u3002\", \"body\": \"<p>\\u3053\\u3093\\u306b\\u3061\\u306f\\u3002mosquitone \\u3067\\u3059\\u3002</p><p>\\u3053\\u306e\\u5ea6\\u3001mosquitone \\u304c\\u521d\\u306e\\u30c7\\u30e2\\u97f3\\u6e90\\u3068\\u306a\\u308b\\u300c<a id=\\\"11\\\" linktype=\\\"page\\\">demo#01</a>\\u300d\\u3092\\u516c\\u958b\\u3044\\u305f\\u3057\\u307e\\u3057\\u305f\\u3002</p><p><a id=\\\"11\\\" linktype=\\\"page\\\">\\u672c\\u30b5\\u30a4\\u30c8\\u300cmusic\\u300d\\u30da\\u30fc\\u30b8</a>\\u3067 \\u672c\\u97f3\\u6e90\\u3092\\u8996\\u8074\\u3044\\u305f\\u3060\\u3051\\u307e\\u3059\\u3002<br/>\\u662f\\u975e\\u3054\\u8996\\u8074\\u304f\\u3060\\u3055\\u3044\\uff01</p><p></p><embed alt=\\\"mosquitone_demo1.jpg\\\" embedtype=\\\"image\\\" format=\\\"left\\\" id=\\\"19\\\"/><p></p><p></p><p>\\u307e\\u305f\\u3001<a href=\\\"https://www.youtube.com/channel/UCkGHjxTGURpNC6kCpwscKyg?view_as=subscriber\\\">Youtube \\u516c\\u5f0f\\u30c1\\u30e3\\u30f3\\u30cd\\u30eb</a> \\u3067\\u3001 <a href=\\\"https://youtu.be/IDVYa-05hgM\\\">My sadness MV</a> \\u3068\\u3057\\u3066\\u3001\\u672c\\u97f3\\u6e90\\u53ce\\u9332\\u306e\\u69d8\\u5b50\\u3092\\u3054\\u8996\\u8074\\u3044\\u305f\\u3060\\u3051\\u307e\\u3059\\uff01(\\u30a8\\u30e2\\u3044\\u306a\\u3041\\uff01)</p><p><br/>\\u662f\\u975e\\u3001\\u4f75\\u305b\\u3066\\u3053\\u3061\\u3089\\u3082\\u3054\\u8996\\u8074\\u304f\\u3060\\u3055\\u3044\\u307e\\u305b\\u3002</p><embed embedtype=\\\"media\\\" url=\\\"https://youtu.be/IDVYa-05hgM\\\"/><p></p><p>\\u4eca\\u5f8c\\u3068\\u3082 mosquitone \\u3092\\u5f15\\u304d\\u7d9a\\u304d\\u3088\\u308d\\u3057\\u304f\\u304a\\u9858\\u3044\\u3044\\u305f\\u3057\\u307e\\u3059\\u3002</p><p></p>\", \"author\": null, \"tagged_items\": [{\"pk\": null, \"tag\": 6, \"content_object\": 14}], \"gallery_images\": [{\"pk\": 1, \"sort_order\": 0, \"page\": 14, \"image\": 19, \"caption\": \"\"}], \"categories\": []}",
    "approved_go_live_at": null
  }
},
{
  "model": "wagtailcore.pagerevision",
  "pk": 71,
  "fields": {
    "page": 14,
    "submitted_for_moderation": false,
    "created_at": "2019-09-03T10:11:26.394Z",
    "user": [
      "yyamashita"
    ],
    "content_json": "{\"pk\": 14, \"path\": \"0001000200040002\", \"depth\": 4, \"numchild\": 0, \"title\": \"\\u30c7\\u30e2\\u97f3\\u6e90\\u300cdemo #01\\u300d\\u3092\\u516c\\u958b\\u3057\\u307e\\u3057\\u305f\", \"draft_title\": \"\\u30c7\\u30e2\\u97f3\\u6e90\\u300cdemo #01\\u300d\\u3092\\u516c\\u958b\\u3057\\u307e\\u3057\\u305f\", \"slug\": \"\\u30c7\\u30e2\\u97f3\\u6e90demo-01\\u3092\\u516c\\u958b\\u3044\\u305f\\u3057\\u307e\\u3057\\u305f\", \"content_type\": 10, \"live\": true, \"has_unpublished_changes\": true, \"url_path\": \"/home/news/\\u30c7\\u30e2\\u97f3\\u6e90demo-01\\u3092\\u516c\\u958b\\u3044\\u305f\\u3057\\u307e\\u3057\\u305f/\", \"owner\": 1, \"seo_title\": \"\", \"show_in_menus\": false, \"search_description\": \"\", \"go_live_at\": null, \"expire_at\": null, \"expired\": false, \"locked\": false, \"first_published_at\": \"2019-09-03T09:28:56.169Z\", \"last_published_at\": \"2019-09-03T10:07:49.849Z\", \"latest_revision_created_at\": \"2019-09-03T10:11:19.363Z\", \"live_revision\": 69, \"date\": \"2019-09-03\", \"intro\": \"\\u3053\\u306e\\u5ea6 mosquitone \\u304c\\u521d\\u306e\\u30c7\\u30e2\\u97f3\\u6e90\\u300cdemo #01\\u300d\\u3092\\u516c\\u958b\\u3057\\u307e\\u3057\\u305f\\u3053\\u3068\\u3092\\u304a\\u77e5\\u3089\\u305b\\u3044\\u305f\\u3057\\u307e\\u3059\\u3002\", \"body\": \"<p>\\u3053\\u3093\\u306b\\u3061\\u306f\\u3002mosquitone \\u3067\\u3059\\u3002</p><p>\\u3053\\u306e\\u5ea6\\u3001mosquitone \\u304c\\u521d\\u306e\\u30c7\\u30e2\\u97f3\\u6e90\\u3068\\u306a\\u308b\\u300c<a id=\\\"11\\\" linktype=\\\"page\\\">demo#01</a>\\u300d\\u3092\\u516c\\u958b\\u3044\\u305f\\u3057\\u307e\\u3057\\u305f\\u3002</p><p><a id=\\\"11\\\" linktype=\\\"page\\\">\\u672c\\u30b5\\u30a4\\u30c8\\u300cmusic\\u300d\\u30da\\u30fc\\u30b8</a>\\u3067 \\u672c\\u97f3\\u6e90\\u3092\\u8996\\u8074\\u3044\\u305f\\u3060\\u3051\\u307e\\u3059\\u3002<br/>\\u662f\\u975e\\u3054\\u8996\\u8074\\u304f\\u3060\\u3055\\u3044\\uff01</p><p></p><embed alt=\\\"mosquitone_demo1.jpg\\\" embedtype=\\\"image\\\" format=\\\"left\\\" id=\\\"19\\\"/><p></p><p></p><p>\\u307e\\u305f\\u3001<a href=\\\"https://www.youtube.com/channel/UCkGHjxTGURpNC6kCpwscKyg?view_as=subscriber\\\">Youtube \\u516c\\u5f0f\\u30c1\\u30e3\\u30f3\\u30cd\\u30eb</a> \\u3067\\u3001 <a href=\\\"https://youtu.be/IDVYa-05hgM\\\">My sadness MV</a> \\u3068\\u3057\\u3066\\u3001\\u672c\\u97f3\\u6e90\\u53ce\\u9332\\u306e\\u69d8\\u5b50\\u3092\\u3054\\u8996\\u8074\\u3044\\u305f\\u3060\\u3051\\u307e\\u3059\\uff01(\\u30a8\\u30e2\\u3044\\u306a\\u3041\\uff01)</p><p><br/>\\u662f\\u975e\\u3001\\u4f75\\u305b\\u3066\\u3053\\u3061\\u3089\\u3082\\u3054\\u8996\\u8074\\u304f\\u3060\\u3055\\u3044\\u307e\\u305b\\u3002</p><embed embedtype=\\\"media\\\" url=\\\"https://youtu.be/IDVYa-05hgM\\\"/><p></p><p>\\u4eca\\u5f8c\\u3068\\u3082 mosquitone \\u3092\\u5f15\\u304d\\u7d9a\\u304d\\u3088\\u308d\\u3057\\u304f\\u304a\\u9858\\u3044\\u3044\\u305f\\u3057\\u307e\\u3059\\u3002</p><p></p>\", \"author\": null, \"tagged_items\": [{\"pk\": null, \"tag\": 6, \"content_object\": 14}], \"gallery_images\": [{\"pk\": 1, \"sort_order\": 0, \"page\": null, \"image\": 19, \"caption\": \"\"}], \"categories\": []}",
    "approved_go_live_at": null
  }
},
{
  "model": "wagtailcore.pagerevision",
  "pk": 72,
  "fields": {
    "page": 11,
    "submitted_for_moderation": false,
    "created_at": "2019-09-03T10:13:04.418Z",
    "user": [
      "yyamashita"
    ],
    "content_json": "{\"pk\": 11, \"path\": \"0001000200030001\", \"depth\": 4, \"numchild\": 0, \"title\": \"Demo#1\", \"draft_title\": \"Demo#1\", \"slug\": \"demo1\", \"content_type\": 17, \"live\": true, \"has_unpublished_changes\": false, \"url_path\": \"/home/music/demo1/\", \"owner\": 1, \"seo_title\": \"\", \"show_in_menus\": false, \"search_description\": \"\", \"go_live_at\": null, \"expire_at\": null, \"expired\": false, \"locked\": false, \"first_published_at\": \"2019-08-09T17:51:33.847Z\", \"last_published_at\": \"2019-09-03T03:36:13.895Z\", \"latest_revision_created_at\": \"2019-09-03T03:36:13.844Z\", \"live_revision\": 56, \"release_date\": \"2019-09-01\", \"copy\": \"First demo\", \"description\": \"<p>mosquitone \\u3068\\u3057\\u3066\\u521d\\u306e\\u30c7\\u30e2\\u97f3\\u6e90\\u3067\\u3059\\u3002<br/>\\u540c\\u3058\\u304f mosquitone \\u3068\\u3057\\u3066\\u6700\\u521d\\u306e\\u30aa\\u30ea\\u30b8\\u30ca\\u30eb\\u697d\\u66f2\\u300cKeep going forward\\u300d,\\u300cMy sadness \\u300d\\u306e\\uff12\\u66f2\\u3092\\u53ce\\u9332\\u3002<br/><a href=\\\"http://mosquitone.bandcamp.com/album/demo-01\\\">bandcamp</a> \\u3067\\u30a2\\u30eb\\u30d0\\u30e0\\u8996\\u8074\\uff06\\u30c0\\u30a6\\u30f3\\u30ed\\u30fc\\u30c9\\u306e\\u4ed6\\u3001youtube \\u3067\\u30ec\\u30b3\\u30fc\\u30c7\\u30a3\\u30f3\\u30b0\\u98a8\\u666f\\u3092\\u53ce\\u3081\\u305f<a href=\\\"https://youtu.be/IDVYa-05hgM\\\">\\u300cMy sadness\\u300dMV</a>\\u3092\\u8996\\u8074\\u3044\\u305f\\u3060\\u3051\\u307e\\u3059!</p>\", \"artwork\": 19, \"bandcamp_album_url\": \"http://mosquitone.bandcamp.com/album/demo-01\", \"bandcamp_player_url\": \"https://bandcamp.com/EmbeddedPlayer/album=3118256726/size=large/bgcol=ffffff/linkcol=0687f5/artwork=none/tracklist=true/transparent=true/\", \"youtube_url\": \"https://youtu.be/IDVYa-05hgM\", \"tracks\": [{\"pk\": 1, \"sort_order\": 0, \"page\": 11, \"title\": \"My sadness\", \"duration\": \"00:04:00\"}, {\"pk\": 2, \"sort_order\": 1, \"page\": 11, \"title\": \"Keep going forward\", \"duration\": \"00:03:50\"}]}",
    "approved_go_live_at": null
  }
},
{
  "model": "wagtailcore.pagerevision",
  "pk": 73,
  "fields": {
    "page": 14,
    "submitted_for_moderation": false,
    "created_at": "2019-09-03T10:16:39.459Z",
    "user": [
      "yyamashita"
    ],
    "content_json": "{\"pk\": 14, \"path\": \"0001000200040002\", \"depth\": 4, \"numchild\": 0, \"title\": \"\\u30c7\\u30e2\\u97f3\\u6e90\\u300cdemo #01\\u300d\\u3092\\u516c\\u958b\\u3057\\u307e\\u3057\\u305f\", \"draft_title\": \"\\u30c7\\u30e2\\u97f3\\u6e90\\u300cdemo #01\\u300d\\u3092\\u516c\\u958b\\u3057\\u307e\\u3057\\u305f\", \"slug\": \"\\u30c7\\u30e2\\u97f3\\u6e90demo-01\\u3092\\u516c\\u958b\\u3044\\u305f\\u3057\\u307e\\u3057\\u305f\", \"content_type\": 10, \"live\": true, \"has_unpublished_changes\": false, \"url_path\": \"/home/news/\\u30c7\\u30e2\\u97f3\\u6e90demo-01\\u3092\\u516c\\u958b\\u3044\\u305f\\u3057\\u307e\\u3057\\u305f/\", \"owner\": 1, \"seo_title\": \"\", \"show_in_menus\": false, \"search_description\": \"\", \"go_live_at\": null, \"expire_at\": null, \"expired\": false, \"locked\": false, \"first_published_at\": \"2019-09-03T09:28:56.169Z\", \"last_published_at\": \"2019-09-03T10:11:26.427Z\", \"latest_revision_created_at\": \"2019-09-03T10:11:26.394Z\", \"live_revision\": 71, \"date\": \"2019-09-03\", \"intro\": \"\\u3053\\u306e\\u5ea6 mosquitone \\u304c\\u521d\\u306e\\u30c7\\u30e2\\u97f3\\u6e90\\u300cdemo #01\\u300d\\u3092\\u516c\\u958b\\u3057\\u307e\\u3057\\u305f\\u3053\\u3068\\u3092\\u304a\\u77e5\\u3089\\u305b\\u3044\\u305f\\u3057\\u307e\\u3059\\u3002\", \"body\": \"<p>\\u3053\\u3093\\u306b\\u3061\\u306f\\u3002mosquitone \\u3067\\u3059\\u3002</p><p>\\u3053\\u306e\\u5ea6\\u3001mosquitone \\u304c\\u521d\\u306e\\u30c7\\u30e2\\u97f3\\u6e90\\u3068\\u306a\\u308b\\u300c<a id=\\\"11\\\" linktype=\\\"page\\\">demo#01</a>\\u300d\\u3092\\u516c\\u958b\\u3044\\u305f\\u3057\\u307e\\u3057\\u305f\\u3002</p><p><a id=\\\"11\\\" linktype=\\\"page\\\">\\u672c\\u30b5\\u30a4\\u30c8\\u300cmusic\\u300d\\u30da\\u30fc\\u30b8</a>\\u3067 \\u672c\\u97f3\\u6e90\\u3092\\u8996\\u8074\\u3044\\u305f\\u3060\\u3051\\u307e\\u3059\\u3002<br/>\\u662f\\u975e\\u3054\\u8996\\u8074\\u304f\\u3060\\u3055\\u3044\\uff01</p><p></p><embed alt=\\\"demo-artwork-mini.png\\\" embedtype=\\\"image\\\" format=\\\"fullwidth\\\" id=\\\"24\\\"/><p></p><p>\\u307e\\u305f\\u3001<a href=\\\"https://www.youtube.com/channel/UCkGHjxTGURpNC6kCpwscKyg?view_as=subscriber\\\">Youtube \\u516c\\u5f0f\\u30c1\\u30e3\\u30f3\\u30cd\\u30eb</a> \\u3067\\u3001 <a href=\\\"https://youtu.be/IDVYa-05hgM\\\">My sadness MV</a> \\u3068\\u3057\\u3066\\u3001\\u672c\\u97f3\\u6e90\\u53ce\\u9332\\u306e\\u69d8\\u5b50\\u3092\\u3054\\u8996\\u8074\\u3044\\u305f\\u3060\\u3051\\u307e\\u3059\\uff01(\\u30a8\\u30e2\\u3044\\u306a\\u3041\\uff01)</p><p><br/>\\u662f\\u975e\\u3001\\u4f75\\u305b\\u3066\\u3053\\u3061\\u3089\\u3082\\u3054\\u8996\\u8074\\u304f\\u3060\\u3055\\u3044\\u307e\\u305b\\u3002</p><embed embedtype=\\\"media\\\" url=\\\"https://youtu.be/IDVYa-05hgM\\\"/><p></p><p>\\u4eca\\u5f8c\\u3068\\u3082 mosquitone \\u3092\\u5f15\\u304d\\u7d9a\\u304d\\u3088\\u308d\\u3057\\u304f\\u304a\\u9858\\u3044\\u3044\\u305f\\u3057\\u307e\\u3059\\u3002</p><p></p>\", \"author\": null, \"tagged_items\": [{\"pk\": null, \"tag\": 6, \"content_object\": 14}], \"gallery_images\": [{\"pk\": 1, \"sort_order\": 0, \"page\": 14, \"image\": 19, \"caption\": \"\"}], \"categories\": []}",
    "approved_go_live_at": null
  }
},
{
  "model": "wagtailcore.pagerevision",
  "pk": 74,
  "fields": {
    "page": 4,
    "submitted_for_moderation": false,
    "created_at": "2019-09-03T10:21:29.851Z",
    "user": [
      "yyamashita"
    ],
    "content_json": "{\"pk\": 4, \"path\": \"000100020001\", \"depth\": 3, \"numchild\": 0, \"title\": \"About us\", \"draft_title\": \"About us\", \"slug\": \"band\", \"content_type\": 7, \"live\": true, \"has_unpublished_changes\": true, \"url_path\": \"/home/band/\", \"owner\": 1, \"seo_title\": \"About us (Band)\", \"show_in_menus\": true, \"search_description\": \"mosquitone \\u306e\\u6b74\\u53f2 (History)\\u3001\\u30e1\\u30f3\\u30d0\\u30fc (Members) \\u60c5\\u5831\\u3067\\u3059\\u3002\", \"go_live_at\": null, \"expire_at\": null, \"expired\": false, \"locked\": false, \"first_published_at\": \"2019-08-09T16:32:26.832Z\", \"last_published_at\": \"2019-08-16T18:14:31.666Z\", \"latest_revision_created_at\": \"2019-09-03T02:47:03.703Z\", \"live_revision\": 40, \"intro\": \"<p>mosquitone (\\u3082\\u3059\\u304d\\u30fc\\u3068\\u30fc\\u3093)\\u306f\\u6771\\u4eac\\u767a\\u306e\\u30a8\\u30e2\\u30d0\\u30f3\\u30c9\\u3067\\u3059\\u3002</p><p>\\u300cKeep going forward\\u300d\\u3092\\u30c6\\u30fc\\u30de\\u306b\\u90fd\\u5185\\u3067\\u7cbe\\u529b\\u7684\\u306b\\u6d3b\\u52d5\\u3057\\u3066\\u3044\\u307e\\u3059\\u3002</p><p><a id=\\\"9\\\" linktype=\\\"page\\\">\\u30e9\\u30a4\\u30d6</a>\\u3078\\u306e\\u51fa\\u6f14\\u4f9d\\u983c\\u306a\\u3069\\u3001\\u304a\\u554f\\u3044\\u5408\\u308f\\u305b\\u306f <a id=\\\"5\\\" linktype=\\\"page\\\">Contact</a> \\u304b\\u3089\\u3088\\u308d\\u3057\\u304f\\u304a\\u9858\\u3044\\u3044\\u305f\\u3057\\u307e\\u3059\\uff01</p>\", \"english_history\": \"\", \"japanese_history\": \"\", \"main_image\": 1, \"background_image\": 13}",
    "approved_go_live_at": null
  }
},
{
  "model": "wagtailcore.pagerevision",
  "pk": 75,
  "fields": {
    "page": 11,
    "submitted_for_moderation": false,
    "created_at": "2019-09-03T10:23:37.741Z",
    "user": [
      "miyazaki"
    ],
    "content_json": "{\"pk\": 11, \"path\": \"0001000200030001\", \"depth\": 4, \"numchild\": 0, \"title\": \"Demo#1\", \"draft_title\": \"Demo#1\", \"slug\": \"demo1\", \"content_type\": 17, \"live\": true, \"has_unpublished_changes\": false, \"url_path\": \"/home/music/demo1/\", \"owner\": 1, \"seo_title\": \"\", \"show_in_menus\": false, \"search_description\": \"\", \"go_live_at\": null, \"expire_at\": null, \"expired\": false, \"locked\": false, \"first_published_at\": \"2019-08-09T17:51:33.847Z\", \"last_published_at\": \"2019-09-03T10:13:04.455Z\", \"latest_revision_created_at\": \"2019-09-03T10:13:04.418Z\", \"live_revision\": 72, \"release_date\": \"2019-09-01\", \"copy\": \"First demo\", \"description\": \"<p>mosquitone \\u3068\\u3057\\u3066\\u521d\\u306e\\u30c7\\u30e2\\u97f3\\u6e90\\u3067\\u3059\\u3002<br/>\\u540c\\u3058\\u304f mosquitone \\u3068\\u3057\\u3066\\u6700\\u521d\\u306e\\u30aa\\u30ea\\u30b8\\u30ca\\u30eb\\u697d\\u66f2\\u300cKeep going forward\\u300d,\\u300cMy sadness \\u300d\\u306e\\uff12\\u66f2\\u3092\\u53ce\\u9332\\u3002<br/><a href=\\\"http://mosquitone.bandcamp.com/album/demo-01\\\">bandcamp</a> \\u3067\\u30a2\\u30eb\\u30d0\\u30e0\\u8996\\u8074\\uff06\\u30c0\\u30a6\\u30f3\\u30ed\\u30fc\\u30c9\\u306e\\u4ed6\\u3001youtube \\u3067\\u30ec\\u30b3\\u30fc\\u30c7\\u30a3\\u30f3\\u30b0\\u98a8\\u666f\\u3092\\u53ce\\u3081\\u305f<a href=\\\"https://youtu.be/IDVYa-05hgM\\\">\\u300cMy sadness\\u300dMV</a>\\u3092\\u8996\\u8074\\u3044\\u305f\\u3060\\u3051\\u307e\\u3059!</p>\", \"artwork\": 19, \"bandcamp_album_url\": \"http://mosquitone.bandcamp.com/album/demo-01\", \"bandcamp_player_url\": \"https://bandcamp.com/EmbeddedPlayer/album=3118256726/size=large/bgcol=ffffff/linkcol=0687f5/artwork=none/tracklist=true/transparent=true/\", \"youtube_url\": \"https://youtu.be/IDVYa-05hgM\", \"tracks\": [{\"pk\": 1, \"sort_order\": 0, \"page\": 11, \"title\": \"My sadness\", \"duration\": \"00:04:00\"}, {\"pk\": 2, \"sort_order\": 1, \"page\": 11, \"title\": \"Keep going forward\", \"duration\": \"00:03:50\"}]}",
    "approved_go_live_at": null
  }
},
{
  "model": "wagtailcore.pagerevision",
  "pk": 76,
  "fields": {
    "page": 11,
    "submitted_for_moderation": false,
    "created_at": "2019-09-03T10:25:48.228Z",
    "user": [
      "miyazaki"
    ],
    "content_json": "{\"pk\": 11, \"path\": \"0001000200030001\", \"depth\": 4, \"numchild\": 0, \"title\": \"Demo#1\", \"draft_title\": \"Demo#1\", \"slug\": \"demo1\", \"content_type\": 17, \"live\": true, \"has_unpublished_changes\": true, \"url_path\": \"/home/music/demo1/\", \"owner\": 1, \"seo_title\": \"\", \"show_in_menus\": false, \"search_description\": \"\", \"go_live_at\": null, \"expire_at\": null, \"expired\": false, \"locked\": false, \"first_published_at\": \"2019-08-09T17:51:33.847Z\", \"last_published_at\": \"2019-09-03T10:13:04.455Z\", \"latest_revision_created_at\": \"2019-09-03T10:23:37.741Z\", \"live_revision\": 72, \"release_date\": \"2019-09-01\", \"copy\": \"First demo\", \"description\": \"<p>mosquitone \\u3068\\u3057\\u3066\\u521d\\u306e\\u30c7\\u30e2\\u97f3\\u6e90\\u3067\\u3059\\u3002<br/>\\u540c\\u3058\\u304f mosquitone \\u3068\\u3057\\u3066\\u6700\\u521d\\u306e\\u30aa\\u30ea\\u30b8\\u30ca\\u30eb\\u697d\\u66f2\\u300cKeep going forward\\u300d,\\u300cMy sadness \\u300d\\u306e\\uff12\\u66f2\\u3092\\u53ce\\u9332\\u3002<br/><a href=\\\"http://mosquitone.bandcamp.com/album/demo-01\\\">bandcamp</a> \\u3067\\u30a2\\u30eb\\u30d0\\u30e0\\u8996\\u8074\\uff06\\u30c0\\u30a6\\u30f3\\u30ed\\u30fc\\u30c9\\u306e\\u4ed6\\u3001youtube \\u3067\\u30ec\\u30b3\\u30fc\\u30c7\\u30a3\\u30f3\\u30b0\\u98a8\\u666f\\u3092\\u53ce\\u3081\\u305f</p><p><a href=\\\"https://youtu.be/IDVYa-05hgM\\\">\\u300cMy sadness\\u300dMV</a>\\u3092\\u8996\\u8074\\u3044\\u305f\\u3060\\u3051\\u307e\\u3059\\uff01</p>\", \"artwork\": 19, \"bandcamp_album_url\": \"http://mosquitone.bandcamp.com/album/demo-01\", \"bandcamp_player_url\": \"https://bandcamp.com/EmbeddedPlayer/album=3118256726/size=large/bgcol=ffffff/linkcol=0687f5/artwork=none/tracklist=true/transparent=true/\", \"youtube_url\": \"https://youtu.be/IDVYa-05hgM\", \"tracks\": [{\"pk\": 1, \"sort_order\": 0, \"page\": null, \"title\": \"My sadness\", \"duration\": \"00:04:00\"}, {\"pk\": 2, \"sort_order\": 1, \"page\": null, \"title\": \"Keep going forward\", \"duration\": \"00:03:50\"}]}",
    "approved_go_live_at": null
  }
},
{
  "model": "wagtailcore.pagerevision",
  "pk": 77,
  "fields": {
    "page": 11,
    "submitted_for_moderation": false,
    "created_at": "2019-09-03T10:26:10.957Z",
    "user": [
      "miyazaki"
    ],
    "content_json": "{\"pk\": 11, \"path\": \"0001000200030001\", \"depth\": 4, \"numchild\": 0, \"title\": \"Demo#1\", \"draft_title\": \"Demo#1\", \"slug\": \"demo1\", \"content_type\": 17, \"live\": true, \"has_unpublished_changes\": true, \"url_path\": \"/home/music/demo1/\", \"owner\": 1, \"seo_title\": \"\", \"show_in_menus\": false, \"search_description\": \"\", \"go_live_at\": null, \"expire_at\": null, \"expired\": false, \"locked\": false, \"first_published_at\": \"2019-08-09T17:51:33.847Z\", \"last_published_at\": \"2019-09-03T10:13:04.455Z\", \"latest_revision_created_at\": \"2019-09-03T10:25:48.228Z\", \"live_revision\": 72, \"release_date\": \"2019-09-01\", \"copy\": \"First demo\", \"description\": \"<p>mosquitone \\u3068\\u3057\\u3066\\u521d\\u306e\\u30c7\\u30e2\\u97f3\\u6e90\\u3067\\u3059\\u3002<br/>\\u540c\\u3058\\u304f mosquitone \\u3068\\u3057\\u3066\\u6700\\u521d\\u306e\\u30aa\\u30ea\\u30b8\\u30ca\\u30eb\\u697d\\u66f2\\u300cKeep going forward\\u300d,\\u300cMy sadness \\u300d</p><p>\\u306e\\uff12\\u66f2\\u3092\\u53ce\\u9332\\u3002<br/><a href=\\\"http://mosquitone.bandcamp.com/album/demo-01\\\">bandcamp</a> \\u3067\\u30a2\\u30eb\\u30d0\\u30e0\\u8996\\u8074\\uff06\\u30c0\\u30a6\\u30f3\\u30ed\\u30fc\\u30c9\\u306e\\u4ed6\\u3001youtube \\u3067\\u30ec\\u30b3\\u30fc\\u30c7\\u30a3\\u30f3\\u30b0\\u98a8\\u666f\\u3092\\u53ce\\u3081\\u305f</p><p><a href=\\\"https://youtu.be/IDVYa-05hgM\\\">\\u300cMy sadness\\u300dMV</a>\\u3092\\u8996\\u8074\\u3044\\u305f\\u3060\\u3051\\u307e\\u3059\\uff01</p>\", \"artwork\": 19, \"bandcamp_album_url\": \"http://mosquitone.bandcamp.com/album/demo-01\", \"bandcamp_player_url\": \"https://bandcamp.com/EmbeddedPlayer/album=3118256726/size=large/bgcol=ffffff/linkcol=0687f5/artwork=none/tracklist=true/transparent=true/\", \"youtube_url\": \"https://youtu.be/IDVYa-05hgM\", \"tracks\": [{\"pk\": 1, \"sort_order\": 0, \"page\": null, \"title\": \"My sadness\", \"duration\": \"00:04:00\"}, {\"pk\": 2, \"sort_order\": 1, \"page\": null, \"title\": \"Keep going forward\", \"duration\": \"00:03:50\"}]}",
    "approved_go_live_at": null
  }
},
{
  "model": "wagtailcore.pagerevision",
  "pk": 78,
  "fields": {
    "page": 11,
    "submitted_for_moderation": false,
    "created_at": "2019-09-03T10:26:36.796Z",
    "user": [
      "miyazaki"
    ],
    "content_json": "{\"pk\": 11, \"path\": \"0001000200030001\", \"depth\": 4, \"numchild\": 0, \"title\": \"Demo#1\", \"draft_title\": \"Demo#1\", \"slug\": \"demo1\", \"content_type\": 17, \"live\": true, \"has_unpublished_changes\": true, \"url_path\": \"/home/music/demo1/\", \"owner\": 1, \"seo_title\": \"\", \"show_in_menus\": false, \"search_description\": \"\", \"go_live_at\": null, \"expire_at\": null, \"expired\": false, \"locked\": false, \"first_published_at\": \"2019-08-09T17:51:33.847Z\", \"last_published_at\": \"2019-09-03T10:13:04.455Z\", \"latest_revision_created_at\": \"2019-09-03T10:26:10.957Z\", \"live_revision\": 72, \"release_date\": \"2019-09-01\", \"copy\": \"First demo\", \"description\": \"<p>mosquitone \\u3068\\u3057\\u3066\\u521d\\u306e\\u30c7\\u30e2\\u97f3\\u6e90\\u3067\\u3059\\u3002<br/>\\u540c\\u3058\\u304f mosquitone \\u3068\\u3057\\u3066\\u6700\\u521d\\u306e\\u30aa\\u30ea\\u30b8\\u30ca\\u30eb\\u697d\\u66f2</p><p>\\u300cKeep going forward\\u300d,\\u300cMy sadness \\u300d\\u306e\\uff12\\u66f2\\u3092\\u53ce\\u9332\\u3002<br/><a href=\\\"http://mosquitone.bandcamp.com/album/demo-01\\\">bandcamp</a> \\u3067\\u30a2\\u30eb\\u30d0\\u30e0\\u8996\\u8074\\uff06\\u30c0\\u30a6\\u30f3\\u30ed\\u30fc\\u30c9\\u306e\\u4ed6\\u3001youtube \\u3067\\u30ec\\u30b3\\u30fc\\u30c7\\u30a3\\u30f3\\u30b0\\u98a8\\u666f\\u3092\\u53ce\\u3081\\u305f</p><p><a href=\\\"https://youtu.be/IDVYa-05hgM\\\">\\u300cMy sadness\\u300dMV</a>\\u3092\\u8996\\u8074\\u3044\\u305f\\u3060\\u3051\\u307e\\u3059\\uff01</p>\", \"artwork\": 19, \"bandcamp_album_url\": \"http://mosquitone.bandcamp.com/album/demo-01\", \"bandcamp_player_url\": \"https://bandcamp.com/EmbeddedPlayer/album=3118256726/size=large/bgcol=ffffff/linkcol=0687f5/artwork=none/tracklist=true/transparent=true/\", \"youtube_url\": \"https://youtu.be/IDVYa-05hgM\", \"tracks\": [{\"pk\": 1, \"sort_order\": 0, \"page\": null, \"title\": \"My sadness\", \"duration\": \"00:04:00\"}, {\"pk\": 2, \"sort_order\": 1, \"page\": null, \"title\": \"Keep going forward\", \"duration\": \"00:03:50\"}]}",
    "approved_go_live_at": null
  }
},
{
  "model": "wagtailcore.pagerevision",
  "pk": 79,
  "fields": {
    "page": 11,
    "submitted_for_moderation": false,
    "created_at": "2019-09-03T10:32:50.679Z",
    "user": [
      "miyazaki"
    ],
    "content_json": "{\"pk\": 11, \"path\": \"0001000200030001\", \"depth\": 4, \"numchild\": 0, \"title\": \"Demo#1\", \"draft_title\": \"Demo#1\", \"slug\": \"demo1\", \"content_type\": 17, \"live\": true, \"has_unpublished_changes\": true, \"url_path\": \"/home/music/demo1/\", \"owner\": 1, \"seo_title\": \"\", \"show_in_menus\": false, \"search_description\": \"\", \"go_live_at\": null, \"expire_at\": null, \"expired\": false, \"locked\": false, \"first_published_at\": \"2019-08-09T17:51:33.847Z\", \"last_published_at\": \"2019-09-03T10:13:04.455Z\", \"latest_revision_created_at\": \"2019-09-03T10:26:36.796Z\", \"live_revision\": 72, \"release_date\": \"2019-09-01\", \"copy\": \"First demo\", \"description\": \"<p>mosquitone \\u3068\\u3057\\u3066\\u521d\\u306e\\u30c7\\u30e2\\u97f3\\u6e90\\u3067\\u3059\\u3002<br/>\\u540c\\u3058\\u304f mosquitone \\u3068\\u3057\\u3066\\u6700\\u521d\\u306e\\u30aa\\u30ea\\u30b8\\u30ca\\u30eb\\u697d\\u66f2</p><p>\\u300cKeep going forward\\u300d,\\u300cMy sadness \\u300d\\u306e\\uff12\\u66f2\\u3092\\u53ce\\u9332\\u3002<br/><a href=\\\"http://mosquitone.bandcamp.com/album/demo-01\\\">bandcamp</a> \\u3067\\u30a2\\u30eb\\u30d0\\u30e0\\u8996\\u8074\\uff06\\u30c0\\u30a6\\u30f3\\u30ed\\u30fc\\u30c9\\u306e\\u4ed6\\u3001youtube \\u3067\\u30ec\\u30b3\\u30fc\\u30c7\\u30a3\\u30f3\\u30b0\\u98a8\\u666f\\u3092\\u53ce\\u3081\\u305f</p><p><a href=\\\"https://youtu.be/IDVYa-05hgM\\\">\\u300cMy sadness\\u300dMV</a>\\u3092\\u8996\\u8074\\u3044\\u305f\\u3060\\u3051\\u307e\\u3059\\uff01</p>\", \"artwork\": 19, \"bandcamp_album_url\": \"http://mosquitone.bandcamp.com/album/demo-01\", \"bandcamp_player_url\": \"https://bandcamp.com/EmbeddedPlayer/album=3118256726/size=large/bgcol=ffffff/linkcol=0687f5/artwork=none/tracklist=true/transparent=true/\", \"youtube_url\": \"https://youtu.be/IDVYa-05hgM\", \"tracks\": [{\"pk\": 1, \"sort_order\": 0, \"page\": null, \"title\": \"My sadness\", \"duration\": \"00:04:00\"}, {\"pk\": 2, \"sort_order\": 1, \"page\": null, \"title\": \"Keep going forward\", \"duration\": \"00:03:50\"}]}",
    "approved_go_live_at": null
  }
},
{
  "model": "wagtailcore.pagerevision",
  "pk": 80,
  "fields": {
    "page": 11,
    "submitted_for_moderation": false,
    "created_at": "2019-09-03T10:33:08.951Z",
    "user": [
      "miyazaki"
    ],
    "content_json": "{\"pk\": 11, \"path\": \"0001000200030001\", \"depth\": 4, \"numchild\": 0, \"title\": \"Demo#1\", \"draft_title\": \"Demo#1\", \"slug\": \"demo1\", \"content_type\": 17, \"live\": true, \"has_unpublished_changes\": false, \"url_path\": \"/home/music/demo1/\", \"owner\": 1, \"seo_title\": \"\", \"show_in_menus\": false, \"search_description\": \"\", \"go_live_at\": null, \"expire_at\": null, \"expired\": false, \"locked\": false, \"first_published_at\": \"2019-08-09T17:51:33.847Z\", \"last_published_at\": \"2019-09-03T10:32:50.713Z\", \"latest_revision_created_at\": \"2019-09-03T10:32:50.679Z\", \"live_revision\": 79, \"release_date\": \"2019-09-01\", \"copy\": \"First demo\", \"description\": \"<p>mosquitone \\u3068\\u3057\\u3066\\u521d\\u306e\\u30c7\\u30e2\\u97f3\\u6e90\\u3067\\u3059\\u3002<br/>\\u540c\\u3058\\u304f mosquitone \\u3068\\u3057\\u3066\\u6700\\u521d\\u306e\\u30aa\\u30ea\\u30b8\\u30ca\\u30eb\\u697d\\u66f2</p><p>\\u300cKeep going forward\\u300d,\\u300cMy sadness \\u300d\\u306e\\uff12\\u66f2\\u3092\\u53ce\\u9332\\u3002<br/><a href=\\\"http://mosquitone.bandcamp.com/album/demo-01\\\">bandcamp</a> \\u3067\\u30a2\\u30eb\\u30d0\\u30e0\\u8996\\u8074\\uff06\\u30c0\\u30a6\\u30f3\\u30ed\\u30fc\\u30c9\\u306e\\u4ed6\\u3001youtube \\u3067\\u30ec\\u30b3\\u30fc\\u30c7\\u30a3\\u30f3\\u30b0\\u98a8\\u666f\\u3092\\u53ce\\u3081\\u305f</p><p><a href=\\\"https://youtu.be/IDVYa-05hgM\\\">\\u300cMy sadness\\u300dMV</a>\\u3092\\u8996\\u8074\\u3044\\u305f\\u3060\\u3051\\u307e\\u3059\\uff01</p>\", \"artwork\": 19, \"bandcamp_album_url\": \"http://mosquitone.bandcamp.com/album/demo-01\", \"bandcamp_player_url\": \"https://bandcamp.com/EmbeddedPlayer/album=3118256726/size=large/bgcol=ffffff/linkcol=0687f5/artwork=none/tracklist=true/transparent=true/\", \"youtube_url\": \"https://youtu.be/IDVYa-05hgM\", \"tracks\": [{\"pk\": 1, \"sort_order\": 0, \"page\": 11, \"title\": \"My sadness\", \"duration\": \"00:04:00\"}, {\"pk\": 2, \"sort_order\": 1, \"page\": 11, \"title\": \"Keep going forward\", \"duration\": \"00:03:50\"}]}",
    "approved_go_live_at": null
  }
},
{
  "model": "wagtailcore.pagerevision",
  "pk": 81,
  "fields": {
    "page": 14,
    "submitted_for_moderation": false,
    "created_at": "2019-09-03T12:00:00.350Z",
    "user": [
      "gentarou"
    ],
    "content_json": "{\"pk\": 14, \"path\": \"0001000200040002\", \"depth\": 4, \"numchild\": 0, \"title\": \"\\u30c7\\u30e2\\u97f3\\u6e90\\u300cdemo #01\\u300d\\u3092\\u516c\\u958b\\u3057\\u307e\\u3057\\u305f\", \"draft_title\": \"\\u30c7\\u30e2\\u97f3\\u6e90\\u300cdemo #01\\u300d\\u3092\\u516c\\u958b\\u3057\\u307e\\u3057\\u305f\", \"slug\": \"\\u30c7\\u30e2\\u97f3\\u6e90demo-01\\u3092\\u516c\\u958b\\u3044\\u305f\\u3057\\u307e\\u3057\\u305f\", \"content_type\": 10, \"live\": true, \"has_unpublished_changes\": false, \"url_path\": \"/home/news/\\u30c7\\u30e2\\u97f3\\u6e90demo-01\\u3092\\u516c\\u958b\\u3044\\u305f\\u3057\\u307e\\u3057\\u305f/\", \"owner\": 1, \"seo_title\": \"\", \"show_in_menus\": false, \"search_description\": \"\", \"go_live_at\": null, \"expire_at\": null, \"expired\": false, \"locked\": false, \"first_published_at\": \"2019-09-03T09:28:56.169Z\", \"last_published_at\": \"2019-09-03T10:16:39.497Z\", \"latest_revision_created_at\": \"2019-09-03T10:16:39.459Z\", \"live_revision\": 73, \"date\": \"2019-09-03\", \"intro\": \"\\u3053\\u306e\\u5ea6 mosquitone \\u304c\\u521d\\u306e\\u30c7\\u30e2\\u97f3\\u6e90\\u300cdemo #01\\u300d\\u3092\\u516c\\u958b\\u3057\\u307e\\u3057\\u305f\\u3053\\u3068\\u3092\\u304a\\u77e5\\u3089\\u305b\\u3044\\u305f\\u3057\\u307e\\u3059\\u3002\", \"body\": \"<p>\\u3053\\u3093\\u306b\\u3061\\u306f\\u3002mosquitone \\u3067\\u3059\\u3002</p><p>\\u3053\\u306e\\u5ea6\\u3001mosquitone \\u304c\\u521d\\u306e\\u30c7\\u30e2\\u97f3\\u6e90\\u3068\\u306a\\u308b\\u300c<a id=\\\"11\\\" linktype=\\\"page\\\">demo#01</a>\\u300d\\u3092\\u516c\\u958b\\u3044\\u305f\\u3057\\u307e\\u3057\\u305f\\u3002</p><p><a id=\\\"11\\\" linktype=\\\"page\\\">\\u672c\\u30b5\\u30a4\\u30c8\\u300cmusic\\u300d\\u30da\\u30fc\\u30b8</a>\\u3067 \\u672c\\u97f3\\u6e90\\u3092\\u8996\\u8074\\u3044\\u305f\\u3060\\u3051\\u307e\\u3059\\u3002<br/>\\u662f\\u975e\\u3054\\u8996\\u8074\\u304f\\u3060\\u3055\\u3044\\uff01</p><p></p><embed alt=\\\"demo-artwork-mini.png\\\" embedtype=\\\"image\\\" format=\\\"fullwidth\\\" id=\\\"24\\\"/><p></p><p>\\u307e\\u305f\\u3001<a href=\\\"https://www.youtube.com/channel/UCkGHjxTGURpNC6kCpwscKyg?view_as=subscriber\\\">Youtube \\u516c\\u5f0f\\u30c1\\u30e3\\u30f3\\u30cd\\u30eb</a> \\u3067\\u3001 <a href=\\\"https://youtu.be/IDVYa-05hgM\\\">My sadness MV</a> \\u3068\\u3057\\u3066\\u3001\\u672c\\u97f3\\u6e90\\u53ce\\u9332\\u306e\\u69d8\\u5b50\\u3092\\u3054\\u8996\\u8074\\u3044\\u305f\\u3060\\u3051\\u307e\\u3059\\uff01(\\u30a8\\u30e2\\u3044\\u306a\\u3041\\uff01)</p><p><br/>\\u662f\\u975e\\u3001\\u4f75\\u305b\\u3066\\u3053\\u3061\\u3089\\u3082\\u3054\\u8996\\u8074\\u304f\\u3060\\u3055\\u3044\\u307e\\u305b\\u3002</p><embed embedtype=\\\"media\\\" url=\\\"https://youtu.be/IDVYa-05hgM\\\"/><p></p><p>\\u4eca\\u5f8c\\u3068\\u3082 mosquitone \\u3092\\u5f15\\u304d\\u7d9a\\u304d\\u3088\\u308d\\u3057\\u304f\\u304a\\u9858\\u3044\\u3044\\u305f\\u3057\\u307e\\u3059\\u3002</p><p></p>\", \"author\": null, \"tagged_items\": [{\"pk\": null, \"tag\": 6, \"content_object\": 14}], \"gallery_images\": [{\"pk\": 1, \"sort_order\": 0, \"page\": 14, \"image\": 19, \"caption\": \"\"}], \"categories\": []}",
    "approved_go_live_at": null
  }
},
{
  "model": "wagtailcore.pagerevision",
  "pk": 82,
  "fields": {
    "page": 11,
    "submitted_for_moderation": false,
    "created_at": "2019-09-04T07:00:50.805Z",
    "user": [
      "yyamashita"
    ],
    "content_json": "{\"pk\": 11, \"path\": \"0001000200030001\", \"depth\": 4, \"numchild\": 0, \"title\": \"Demo#01\", \"draft_title\": \"Demo#1\", \"slug\": \"demo1\", \"content_type\": 17, \"live\": true, \"has_unpublished_changes\": false, \"url_path\": \"/home/music/demo1/\", \"owner\": 1, \"seo_title\": \"\", \"show_in_menus\": false, \"search_description\": \"\", \"go_live_at\": null, \"expire_at\": null, \"expired\": false, \"locked\": false, \"first_published_at\": \"2019-08-09T17:51:33.847Z\", \"last_published_at\": \"2019-09-03T10:33:08.990Z\", \"latest_revision_created_at\": \"2019-09-03T10:33:08.951Z\", \"live_revision\": 80, \"release_date\": \"2019-09-01\", \"copy\": \"First demo\", \"description\": \"<p>mosquitone \\u3068\\u3057\\u3066\\u521d\\u306e\\u30c7\\u30e2\\u97f3\\u6e90\\u3067\\u3059\\u3002<br/>\\u540c\\u3058\\u304f mosquitone \\u3068\\u3057\\u3066\\u6700\\u521d\\u306e\\u30aa\\u30ea\\u30b8\\u30ca\\u30eb\\u697d\\u66f2</p><p>\\u300cKeep going forward\\u300d,\\u300cMy sadness \\u300d\\u306e\\uff12\\u66f2\\u3092\\u53ce\\u9332\\u3002<br/><a href=\\\"http://mosquitone.bandcamp.com/album/demo-01\\\">bandcamp</a> \\u3067\\u30a2\\u30eb\\u30d0\\u30e0\\u8996\\u8074\\uff06\\u30c0\\u30a6\\u30f3\\u30ed\\u30fc\\u30c9\\u306e\\u4ed6\\u3001youtube \\u3067\\u30ec\\u30b3\\u30fc\\u30c7\\u30a3\\u30f3\\u30b0\\u98a8\\u666f\\u3092\\u53ce\\u3081\\u305f</p><p><a href=\\\"https://youtu.be/IDVYa-05hgM\\\">\\u300cMy sadness\\u300dMV</a>\\u3092\\u8996\\u8074\\u3044\\u305f\\u3060\\u3051\\u307e\\u3059\\uff01</p>\", \"artwork\": 19, \"bandcamp_album_url\": \"http://mosquitone.bandcamp.com/album/demo-01\", \"bandcamp_player_url\": \"https://bandcamp.com/EmbeddedPlayer/album=3118256726/size=large/bgcol=ffffff/linkcol=0687f5/artwork=none/tracklist=true/transparent=true/\", \"youtube_url\": \"https://youtu.be/IDVYa-05hgM\", \"tracks\": [{\"pk\": 1, \"sort_order\": 0, \"page\": 11, \"title\": \"My sadness\", \"duration\": \"00:04:00\"}, {\"pk\": 2, \"sort_order\": 1, \"page\": 11, \"title\": \"Keep going forward\", \"duration\": \"00:03:50\"}]}",
    "approved_go_live_at": null
  }
},
{
  "model": "wagtailcore.pagerevision",
  "pk": 83,
  "fields": {
    "page": 3,
    "submitted_for_moderation": false,
    "created_at": "2019-09-09T10:13:41.305Z",
    "user": [
      "yyamashita"
    ],
    "content_json": "{\"pk\": 3, \"path\": \"00010002\", \"depth\": 2, \"numchild\": 7, \"title\": \"Mosquitone\", \"draft_title\": \"Mosquitone\", \"slug\": \"home\", \"content_type\": 15, \"live\": true, \"has_unpublished_changes\": false, \"url_path\": \"/home/\", \"owner\": 1, \"seo_title\": \"Keep going forward\", \"show_in_menus\": false, \"search_description\": \"\\u6771\\u4eac\\u767a\\u30a8\\u30e2\\u30d0\\u30f3\\u30c9 mosquitone \\u516c\\u5f0f\\u30da\\u30fc\\u30b8\\r\\n\\r\\nmosquitone (\\u3082\\u3059\\u304d\\u30fc\\u3068\\u30fc\\u3093)\\u306f\\r\\n\\u6771\\u4eac\\u3092\\u4e2d\\u5fc3\\u306b\\u6d3b\\u52d5\\u3057\\u3066\\u3044\\u308b4\\u4eba\\u7d44\\u30d0\\u30f3\\u30c9\\u3067\\u3059\\u3002\", \"go_live_at\": null, \"expire_at\": null, \"expired\": false, \"locked\": false, \"first_published_at\": \"2019-08-09T16:29:43.057Z\", \"last_published_at\": \"2019-08-16T17:29:07.711Z\", \"latest_revision_created_at\": \"2019-08-16T17:29:07.645Z\", \"live_revision\": 39, \"body\": \"\", \"background_image\": 12}",
    "approved_go_live_at": null
  }
},
{
  "model": "wagtailcore.pagerevision",
  "pk": 84,
  "fields": {
    "page": 3,
    "submitted_for_moderation": false,
    "created_at": "2019-09-10T01:19:57.308Z",
    "user": [
      "yyamashita"
    ],
    "content_json": "{\"pk\": 3, \"path\": \"00010002\", \"depth\": 2, \"numchild\": 7, \"title\": \"Mosquitone\", \"draft_title\": \"Mosquitone\", \"slug\": \"home\", \"content_type\": 15, \"live\": true, \"has_unpublished_changes\": false, \"url_path\": \"/home/\", \"owner\": 1, \"seo_title\": \"Keep going forward\", \"show_in_menus\": false, \"search_description\": \"\\u6771\\u4eac\\u767a\\u30a8\\u30e2\\u30d0\\u30f3\\u30c9 mosquitone \\u516c\\u5f0f\\u30da\\u30fc\\u30b8\\r\\n\\r\\nmosquitone (\\u3082\\u3059\\u304d\\u30fc\\u3068\\u30fc\\u3093)\\u306f\\r\\n\\u6771\\u4eac\\u3092\\u4e2d\\u5fc3\\u306b\\u30a8\\u30e2\\u697d\\u66f2\\u306e\\u4f5c\\u6210\\u3068\\u6f14\\u594f\\u306e\\u6d3b\\u52d5\\u3092\\u3057\\u3066\\u3044\\u308b4\\u4eba\\u7d44\\u30d0\\u30f3\\u30c9\\u3067\\u3059\\u3002\", \"go_live_at\": null, \"expire_at\": null, \"expired\": false, \"locked\": false, \"first_published_at\": \"2019-08-09T16:29:43.057Z\", \"last_published_at\": \"2019-09-09T10:13:41.440Z\", \"latest_revision_created_at\": \"2019-09-09T10:13:41.305Z\", \"live_revision\": 83, \"body\": \"\", \"background_image\": 12, \"primary_button_link\": 11, \"primary_button_text\": \"Listen our first demo!\", \"secondary_button_link\": 9, \"secondary_button_text\": \"Check our upcomming show!\"}",
    "approved_go_live_at": null
  }
},
{
  "model": "wagtailcore.pagerevision",
  "pk": 85,
  "fields": {
    "page": 3,
    "submitted_for_moderation": false,
    "created_at": "2019-09-21T02:30:48.911Z",
    "user": [
      "yyamashita"
    ],
    "content_json": "{\"pk\": 3, \"path\": \"00010002\", \"depth\": 2, \"numchild\": 7, \"title\": \"Mosquitone\", \"draft_title\": \"Mosquitone\", \"slug\": \"home\", \"content_type\": 15, \"live\": true, \"has_unpublished_changes\": false, \"url_path\": \"/home/\", \"owner\": 1, \"seo_title\": \"\\u6771\\u4eac \\u30a8\\u30e2 \\u30d0\\u30f3\\u30c9\", \"show_in_menus\": false, \"search_description\": \"\\u6771\\u4eac\\u767a\\u30a8\\u30e2\\u30d0\\u30f3\\u30c9 mosquitone \\u516c\\u5f0f\\u30da\\u30fc\\u30b8\\r\\n\\r\\nmosquitone (\\u3082\\u3059\\u304d\\u30fc\\u3068\\u30fc\\u3093)\\u306f\\r\\n\\u6771\\u4eac\\u3092\\u4e2d\\u5fc3\\u306b\\u30a8\\u30e2\\u697d\\u66f2\\u306e\\u4f5c\\u6210\\u3068\\u6f14\\u594f\\u306e\\u6d3b\\u52d5\\u3092\\u3057\\u3066\\u3044\\u308b4\\u4eba\\u7d44\\u30d0\\u30f3\\u30c9\\u3067\\u3059\\u3002\", \"go_live_at\": null, \"expire_at\": null, \"expired\": false, \"locked\": false, \"first_published_at\": \"2019-08-09T16:29:43.057Z\", \"last_published_at\": \"2019-09-10T01:19:57.375Z\", \"latest_revision_created_at\": \"2019-09-10T01:19:57.308Z\", \"live_revision\": 84, \"body\": \"\", \"background_image\": 12, \"primary_button_link\": 11, \"primary_button_text\": \"Listen our first demo!\", \"secondary_button_link\": 9, \"secondary_button_text\": \"Check our upcomming show!\"}",
    "approved_go_live_at": null
  }
},
{
  "model": "wagtailcore.pagerevision",
  "pk": 86,
  "fields": {
    "page": 3,
    "submitted_for_moderation": false,
    "created_at": "2019-09-21T02:31:23.573Z",
    "user": [
      "yyamashita"
    ],
    "content_json": "{\"pk\": 3, \"path\": \"00010002\", \"depth\": 2, \"numchild\": 7, \"title\": \"Mosquitone\", \"draft_title\": \"Mosquitone\", \"slug\": \"home\", \"content_type\": 15, \"live\": true, \"has_unpublished_changes\": false, \"url_path\": \"/home/\", \"owner\": 1, \"seo_title\": \"\\u6771\\u4eac \\u30a8\\u30e2 \\u30d0\\u30f3\\u30c9 mosquitone\", \"show_in_menus\": false, \"search_description\": \"\\u6771\\u4eac\\u767a\\u30a8\\u30e2\\u30d0\\u30f3\\u30c9 mosquitone \\u516c\\u5f0f\\u30da\\u30fc\\u30b8\\r\\n\\r\\nmosquitone (\\u3082\\u3059\\u304d\\u30fc\\u3068\\u30fc\\u3093)\\u306f\\r\\n\\u6771\\u4eac\\u3092\\u4e2d\\u5fc3\\u306b\\u30a8\\u30e2\\u697d\\u66f2\\u306e\\u4f5c\\u6210\\u3068\\u6f14\\u594f\\u306e\\u6d3b\\u52d5\\u3092\\u3057\\u3066\\u3044\\u308b4\\u4eba\\u7d44\\u30d0\\u30f3\\u30c9\\u3067\\u3059\\u3002\", \"go_live_at\": null, \"expire_at\": null, \"expired\": false, \"locked\": false, \"first_published_at\": \"2019-08-09T16:29:43.057Z\", \"last_published_at\": \"2019-09-21T02:30:48.976Z\", \"latest_revision_created_at\": \"2019-09-21T02:30:48.911Z\", \"live_revision\": 85, \"body\": \"\", \"background_image\": 12, \"primary_button_link\": 11, \"primary_button_text\": \"Listen our first demo!\", \"secondary_button_link\": 9, \"secondary_button_text\": \"Check our upcomming show!\"}",
    "approved_go_live_at": null
  }
},
{
  "model": "wagtailcore.pagerevision",
  "pk": 87,
  "fields": {
    "page": 3,
    "submitted_for_moderation": false,
    "created_at": "2019-09-21T02:32:26.368Z",
    "user": [
      "yyamashita"
    ],
    "content_json": "{\"pk\": 3, \"path\": \"00010002\", \"depth\": 2, \"numchild\": 7, \"title\": \"Mosquitone\", \"draft_title\": \"Mosquitone\", \"slug\": \"home\", \"content_type\": 15, \"live\": true, \"has_unpublished_changes\": false, \"url_path\": \"/home/\", \"owner\": 1, \"seo_title\": \"\\u6771\\u4eac \\u30a8\\u30e2 \\u30d0\\u30f3\\u30c9 mosquitone\", \"show_in_menus\": true, \"search_description\": \"\\u6771\\u4eac\\u767a\\u30a8\\u30e2\\u30d0\\u30f3\\u30c9 mosquitone \\u516c\\u5f0f\\u30da\\u30fc\\u30b8\\r\\n\\r\\nmosquitone (\\u3082\\u3059\\u304d\\u30fc\\u3068\\u30fc\\u3093)\\u306f\\r\\n\\u6771\\u4eac\\u3092\\u4e2d\\u5fc3\\u306b\\u30a8\\u30e2\\u697d\\u66f2\\u306e\\u4f5c\\u6210\\u3068\\u6f14\\u594f\\u306e\\u6d3b\\u52d5\\u3092\\u3057\\u3066\\u3044\\u308b4\\u4eba\\u7d44\\u30d0\\u30f3\\u30c9\\u3067\\u3059\\u3002\", \"go_live_at\": null, \"expire_at\": null, \"expired\": false, \"locked\": false, \"first_published_at\": \"2019-08-09T16:29:43.057Z\", \"last_published_at\": \"2019-09-21T02:31:23.625Z\", \"latest_revision_created_at\": \"2019-09-21T02:31:23.573Z\", \"live_revision\": 86, \"body\": \"\", \"background_image\": 12, \"primary_button_link\": 11, \"primary_button_text\": \"Listen our first demo!\", \"secondary_button_link\": 9, \"secondary_button_text\": \"Check our upcomming show!\"}",
    "approved_go_live_at": null
  }
},
{
  "model": "wagtailcore.pagerevision",
  "pk": 96,
  "fields": {
    "page": 14,
    "submitted_for_moderation": false,
    "created_at": "2019-10-07T09:26:31.867Z",
    "user": [
      "chikara"
    ],
    "content_json": "{\"pk\": 14, \"path\": \"0001000200040002\", \"depth\": 4, \"numchild\": 0, \"title\": \"\\u30c7\\u30e2\\u97f3\\u6e90\\u300cdemo #01\\u300d\\u3092\\u516c\\u958b\\u3057\\u307e\\u3057\\u305f\", \"draft_title\": \"\\u30c7\\u30e2\\u97f3\\u6e90\\u300cdemo #01\\u300d\\u3092\\u516c\\u958b\\u3057\\u307e\\u3057\\u305f\", \"slug\": \"\\u30c7\\u30e2\\u97f3\\u6e90demo-01\\u3092\\u516c\\u958b\\u3044\\u305f\\u3057\\u307e\\u3057\\u305f\", \"content_type\": 10, \"live\": true, \"has_unpublished_changes\": true, \"url_path\": \"/home/news/\\u30c7\\u30e2\\u97f3\\u6e90demo-01\\u3092\\u516c\\u958b\\u3044\\u305f\\u3057\\u307e\\u3057\\u305f/\", \"owner\": 1, \"seo_title\": \"\", \"show_in_menus\": false, \"search_description\": \"\", \"go_live_at\": null, \"expire_at\": null, \"expired\": false, \"locked\": false, \"first_published_at\": \"2019-09-03T09:28:56.169Z\", \"last_published_at\": \"2019-09-03T10:16:39.497Z\", \"latest_revision_created_at\": \"2019-09-03T12:00:00.350Z\", \"live_revision\": 73, \"date\": \"2019-09-03\", \"intro\": \"\\u3053\\u306e\\u5ea6 mosquitone \\u304c\\u521d\\u306e\\u30c7\\u30e2\\u97f3\\u6e90\\u300cdemo #01\\u300d\\u3092\\u516c\\u958b\\u3057\\u307e\\u3057\\u305f\\u3053\\u3068\\u3092\\u304a\\u77e5\\u3089\\u305b\\u3044\\u305f\\u3057\\u307e\\u3059\\u3002\", \"body\": \"<p>\\u3053\\u3093\\u306b\\u3061\\u306f\\u3002mosquitone \\u3067\\u3059\\u3002</p><p>\\u3053\\u306e\\u5ea6\\u3001mosquitone \\u304c\\u521d\\u306e\\u30c7\\u30e2\\u97f3\\u6e90\\u3068\\u306a\\u308b\\u300c<a id=\\\"11\\\" linktype=\\\"page\\\">demo#01</a>\\u300d\\u3092\\u516c\\u958b\\u3044\\u305f\\u3057\\u307e\\u3057\\u305f\\u3002</p><p><a id=\\\"11\\\" linktype=\\\"page\\\">\\u672c\\u30b5\\u30a4\\u30c8\\u300cmusic\\u300d\\u30da\\u30fc\\u30b8</a>\\u3067 \\u672c\\u97f3\\u6e90\\u3092\\u8996\\u8074\\u3044\\u305f\\u3060\\u3051\\u307e\\u3059\\u3002<br/>\\u662f\\u975e\\u3054\\u8996\\u8074\\u304f\\u3060\\u3055\\u3044\\uff01</p><p></p><embed alt=\\\"demo-artwork-mini.png\\\" embedtype=\\\"image\\\" format=\\\"fullwidth\\\" id=\\\"24\\\"/><p></p><p>\\u307e\\u305f\\u3001<a href=\\\"https://www.youtube.com/channel/UCkGHjxTGURpNC6kCpwscKyg?view_as=subscriber\\\">Youtube \\u516c\\u5f0f\\u30c1\\u30e3\\u30f3\\u30cd\\u30eb</a> \\u3067\\u3001 <a href=\\\"https://youtu.be/IDVYa-05hgM\\\">My sadness MV</a> \\u3068\\u3057\\u3066\\u3001\\u672c\\u97f3\\u6e90\\u53ce\\u9332\\u306e\\u69d8\\u5b50\\u3092\\u3054\\u8996\\u8074\\u3044\\u305f\\u3060\\u3051\\u307e\\u3059\\uff01(\\u30a8\\u30e2\\u3044\\u306a\\u3041\\uff01)</p><p><br/>\\u662f\\u975e\\u3001\\u4f75\\u305b\\u3066\\u3053\\u3061\\u3089\\u3082\\u3054\\u8996\\u8074\\u304f\\u3060\\u3055\\u3044\\u307e\\u305b\\u3002</p><embed embedtype=\\\"media\\\" url=\\\"https://youtu.be/IDVYa-05hgM\\\"/><p></p><p>\\u4eca\\u5f8c\\u3068\\u3082 mosquitone \\u3092\\u5f15\\u304d\\u7d9a\\u304d\\u3088\\u308d\\u3057\\u304f\\u304a\\u9858\\u3044\\u3044\\u305f\\u3057\\u307e\\u3059\\u3002</p><p></p>\", \"author\": null, \"tagged_items\": [{\"pk\": null, \"tag\": 6, \"content_object\": 14}], \"gallery_images\": [{\"pk\": 1, \"sort_order\": 0, \"page\": null, \"image\": 19, \"caption\": \"\"}], \"categories\": []}",
    "approved_go_live_at": null
  }
},
{
  "model": "wagtailcore.pagerevision",
  "pk": 97,
  "fields": {
    "page": 3,
    "submitted_for_moderation": false,
    "created_at": "2019-10-17T00:26:30.750Z",
    "user": [
      "yyamashita"
    ],
    "content_json": "{\"pk\": 3, \"path\": \"00010002\", \"depth\": 2, \"numchild\": 7, \"title\": \"Mosquitone\", \"draft_title\": \"Mosquitone\", \"slug\": \"home\", \"content_type\": 15, \"live\": true, \"has_unpublished_changes\": false, \"url_path\": \"/home/\", \"owner\": 1, \"seo_title\": \"\\u6771\\u4eac \\u30a8\\u30e2 \\u30d0\\u30f3\\u30c9 mosquitone\", \"show_in_menus\": true, \"search_description\": \"\\u6771\\u4eac\\u767a\\u30a8\\u30e2\\u30d0\\u30f3\\u30c9 mosquitone \\u516c\\u5f0f\\u30da\\u30fc\\u30b8\\r\\n\\r\\nmosquitone (\\u3082\\u3059\\u304d\\u30fc\\u3068\\u30fc\\u3093)\\u306f\\r\\n\\u6771\\u4eac\\u3092\\u4e2d\\u5fc3\\u306b\\u30a8\\u30e2\\u697d\\u66f2\\u306e\\u4f5c\\u6210\\u3068\\u6f14\\u594f\\u306e\\u6d3b\\u52d5\\u3092\\u3057\\u3066\\u3044\\u308b4\\u4eba\\u7d44\\u30d0\\u30f3\\u30c9\\u3067\\u3059\\u3002\", \"go_live_at\": null, \"expire_at\": null, \"expired\": false, \"locked\": false, \"first_published_at\": \"2019-08-09T16:29:43.057Z\", \"last_published_at\": \"2019-09-21T02:32:26.463Z\", \"latest_revision_created_at\": \"2019-09-21T02:32:26.368Z\", \"live_revision\": 87, \"body\": \"\", \"background_image\": 12, \"primary_button_link\": 11, \"primary_button_text\": \"Listen our first demo!\", \"secondary_button_link\": 9, \"secondary_button_text\": \"Check our upcoming show!\"}",
    "approved_go_live_at": null
  }
},
{
  "model": "wagtailcore.pagerevision",
  "pk": 98,
  "fields": {
    "page": 16,
    "submitted_for_moderation": false,
    "created_at": "2019-11-15T11:06:46.020Z",
    "user": [
      "yyamashita"
    ],
    "content_json": "{\"pk\": 16, \"path\": \"0001000200040003\", \"depth\": 4, \"numchild\": 0, \"title\": \"fluctuate@\\u30d2\\u30bd\\u30df\\u30cd\\u5927\\u5bae(09/14)\\u306b\\u51fa\\u6f14\\u3044\\u305f\\u3057\\u307e\\u3057\\u305f\\u3002\", \"draft_title\": \"fluctuate@\\u30d2\\u30bd\\u30df\\u30cd\\u5927\\u5bae(09/14)\\u306b\\u51fa\\u6f14\\u3044\\u305f\\u3057\\u307e\\u3057\\u305f\\u3002\", \"slug\": \"fluctuate\\u30d2\\u30bd\\u30df\\u30cd\\u5927\\u5bae0914\\u306b\\u51fa\\u6f14\\u3044\\u305f\\u3057\\u307e\\u3057\\u305f\", \"content_type\": 10, \"live\": true, \"has_unpublished_changes\": false, \"url_path\": \"/home/news/fluctuate\\u30d2\\u30bd\\u30df\\u30cd\\u5927\\u5bae0914\\u306b\\u51fa\\u6f14\\u3044\\u305f\\u3057\\u307e\\u3057\\u305f/\", \"owner\": 1, \"seo_title\": \"\", \"show_in_menus\": false, \"search_description\": \"\", \"go_live_at\": null, \"expire_at\": null, \"expired\": false, \"locked\": false, \"first_published_at\": null, \"last_published_at\": null, \"latest_revision_created_at\": null, \"live_revision\": null, \"date\": \"2019-09-15\", \"intro\": \"\\u3053\\u306e\\u5ea6 mosquitone \\u304cfluctuate@\\u30d2\\u30bd\\u30df\\u30cd\\u5927\\u5bae(09/14)\\u306b\\u51fa\\u6f14\\u3044\\u305f\\u3057\\u307e\\u3057\\u305f\\u3053\\u3068\\u3092\\u304a\\u77e5\\u3089\\u305b\\u3044\\u305f\\u3057\\u307e\\u3059\\u3002\", \"body\": \"<p>\\u3053\\u3093\\u306b\\u3061\\u306f\\u3001 mosquitone \\u3067\\u3059\\u3002</p><p>\\u3053\\u306e\\u5ea6 09/14(\\u571f) \\u306b mosquitone \\u306f\\u3001\\u5927\\u5bae\\u30d2\\u30bd\\u30df\\u30cd\\u69d8\\u4e3b\\u50ac\\u30d6\\u30c3\\u30ad\\u30f3\\u30b0\\u30e9\\u30a4\\u30d6 <a href=\\\"http://hisomine.com/schedules/view/2681\\\">fluctuate</a> \\u306b\\u51fa\\u6f14\\u3044\\u305f\\u3057\\u307e\\u3057\\u305f\\uff01</p><p>\\u521d\\u306e\\u57fc\\u7389\\u3067\\u306e\\u30e9\\u30a4\\u30d6\\u3068\\u3044\\u3046\\u3053\\u3068\\u3082\\u3042\\u308a\\u3001\\u30e1\\u30f3\\u30d0\\u30fc\\u5171\\u3005\\u7dca\\u5f35\\u3068\\u8208\\u596e\\u3001\\u6c17\\u5408\\u3092\\b\\u8fbc\\u3081\\u305f\\u6f14\\u594f\\u3068\\u306a\\u308a\\u307e\\u3057\\u305f\\u3002<br/></p><embed alt=\\\"\\u6f14\\u594f\\u306e\\u69d8\\u5b50\\\" embedtype=\\\"image\\\" format=\\\"fullwidth\\\" id=\\\"26\\\"/><p></p><p>\\u307e\\u305f\\u3001\\u51fa\\u6f14\\u3055\\u308c\\u307e\\u3057\\u305f\\u3001\\u30d0\\u30f3\\u30c9\\u306e\\u7686\\u69d8\\u306e\\u30ab\\u30c3\\u30b3\\u3044\\u3044\\u66f2\\u00b7\\u30d1\\u30d5\\u30a9\\u30fc\\u30de\\u30f3\\u30b9\\u3092\\u9593\\u8fd1\\u3067\\u898b\\u3066\\u3001\\u6211\\u3005\\u81ea\\u8eab\\u3001\\u30e9\\u30a4\\u30d6\\u3092\\u697d\\u3057\\u3080\\u3068\\u3068\\u3082\\u306b\\u3001\\u30d0\\u30f3\\u30c9\\u3068\\u3057\\u3066\\u52c9\\u5f37\\u306b\\u306a\\u308b\\u3053\\u3068\\u3070\\u304b\\u308a\\u3067\\u3057\\u305f\\u3002</p><p>\\u3055\\u3089\\u306b\\u51fa\\u6f14\\u5f8c\\u306b\\u3001\\u30b9\\u30bf\\u30c3\\u30d5\\u69d8\\u3001\\u51fa\\u6f14\\u3055\\u308c\\u305f\\u30d0\\u30f3\\u30c9\\u306e\\u7686\\u69d8\\u306b\\u3001<br/> \\u6e29\\u304b\\u3044\\u8a00\\u8449\\u3092\\u9802\\u304d\\u307e\\u3057\\u3066\\u3001\\u6211\\u3005\\u306e\\u3084\\u3063\\u3066\\u304d\\u305f\\u3053\\u3068\\u304c\\u8a8d\\u3081\\u3066\\u3044\\u305f\\u3060\\u3051\\u305f\\u3088\\u3046\\u306a\\u6c17\\u6301\\u3061\\u306b\\u306a\\u308a\\u3001\\u3064\\u304f\\u3065\\u304f\\u30d0\\u30f3\\u30c9\\u3092\\u3084\\u3063\\u3066\\u3044\\u3066\\u3088\\u304b\\u3063\\u305f\\u306a\\u3041\\u3068\\u6539\\u3081\\u3066\\u601d\\u3044\\u307e\\u3059\\u3002</p><p>\\u3053\\u306e\\u5834\\u3092\\u304a\\u501f\\u308a\\u3057\\u3066\\u95a2\\u4fc2\\u8005\\u7686\\u69d8\\u3078\\u306e\\u304a\\u793c\\u7533\\u3057\\u4e0a\\u3052\\u307e\\u3059\\u3002\\u672c\\u5f53\\u306b\\u3042\\u308a\\u304c\\u3068\\u3046\\u3054\\u3056\\u3044\\u307e\\u3057\\u305f\\u3002</p><p></p><p>\\u3044\\u3084\\u3041\\u30d0\\u30f3\\u30c9\\u3063\\u3066\\u672c\\u5f53\\u306b\\u3044\\u3044\\u3082\\u3093\\u3067\\u3059\\u306d\\uff01</p><p></p><p>\\u3057\\u304b\\u3057\\u4e00\\u3064\\u3001\\u5931\\u6557\\u3057\\u3066\\u3057\\u307e\\u3063\\u305f\\u70b9\\u306f\\u3001<br/> \\u672c\\u8a18\\u4e8b\\u306b\\u6dfb\\u4ed8\\u3059\\u308b\\u3064\\u3082\\u308a\\u3060\\u3063\\u305f\\u96c6\\u5408\\u5199\\u771f\\u3092\\u64ae\\u5f71\\u3059\\u308b\\u306e\\u3092\\u5fd8\\u308c\\u3066\\u3057\\u307e\\u3063\\u305f\\u3053\\u3068<b>\\u2026</b></p><p>\\u305d\\u308c\\u304f\\u3089\\u3044\\u5922\\u4e2d\\u306b\\u306a\\u3063\\u3066\\u697d\\u3057\\u3093\\u3067\\u3044\\u305f<b>\\u2026</b>\\u3068\\u3044\\u3046\\u308f\\u3051\\u3067\\u4ee3\\u308f\\u308a\\u306b\\u5f53\\u65e5\\u64ae\\u5f71\\u3057\\u305f\\u30ea\\u30fc\\u30c0\\u30fc\\u306e\\u5199\\u771f(Tweet)\\u3092\\u6dfb\\u4ed8\\u3044\\u305f\\u3057\\u307e\\u3059\\u3002</p><embed alt=\\\"\\u30a4\\u30d9\\u30f3\\u30c8\\u4e2d\\u306e\\u3052\\u3093\\u305f\\u308d\\u3046\\u3055\\u3093\\u306e\\u69d8\\u5b50\\\" embedtype=\\\"image\\\" format=\\\"fullwidth\\\" id=\\\"25\\\"/><p>\\u3046\\u30fc\\u3093\\u72b6\\u6cc1\\u304c\\u4f1d\\u308f\\u3089\\u306a\\u3044\\u6c17\\u304c<b>\\u2026</b>\\u6b21\\u56de\\u30e9\\u30a4\\u30d6\\u3067\\u306f\\u5fd8\\u308c\\u306a\\u3044\\u3088\\u3046\\u306b\\u3057\\u3088\\u3046<b>\\u2026</b></p><p></p><p>\\u3055\\u3066\\u3001\\u30a4\\u30d9\\u30f3\\u30c8\\u3092\\u5168\\u8eab\\u5168\\u970a\\u3067\\u697d\\u3057\\u3093\\u3060<b> mosquitone</b> \\u3067\\u3059\\u304c\\u3001<br/> \\u306a\\u3093\\u3068\\uff01\\u540c\\u3058\\u304f\\u30d2\\u30bd\\u30df\\u30cd\\u69d8\\u4e3b\\u50ac<b>\\u30d6\\u30c3\\u30ad\\u30f3\\u30b0\\u30a4\\u30d9\\u30f3\\u30c8\\u300c</b><a href=\\\"http://hisomine.com/schedules/view/2764\\\"><b>exhibit(12/21)</b></a><b>\\u300d\\u3078\\u306e\\u51fa\\u6f14\\u304c\\u6c7a\\u5b9a</b>\\u3057\\u307e\\u3057\\u305f\\uff01</p><p>\\u3088\\u308a\\u3001\\u9032\\u5316\\u3057\\u305f<b> mosquitone</b> \\u3092\\u518d\\u3073\\u304a\\u697d\\u3057\\u307f\\u304f\\u3060\\u3055\\u3044\\uff01\\uff01</p><p><br/>\\u30c1\\u30b1\\u30c3\\u30c8\\u306e\\u524d\\u58f2\\u308a\\u306f <a id=\\\"5\\\" linktype=\\\"page\\\">Contact</a> \\u30da\\u30fc\\u30b8\\u304b\\u3089\\u30e1\\u30fc\\u30eb\\u00b7\\u30fb\\u5404\\u7a2e<b>SNS</b>\\u3092\\u53c2\\u7167\\u306e\\u4e0a\\u3054\\u9023\\u7d61\\u304a\\u9858\\u3044\\u3044\\u305f\\u3057\\u307e\\u3059\\uff01<br/></p><p>\\u672c\\u30a4\\u30d9\\u30f3\\u30c8\\u542b\\u3081\\u3001\\u30e9\\u30a4\\u30d6\\u60c5\\u5831\\u306f <a id=\\\"9\\\" linktype=\\\"page\\\">Shows</a> \\u304b\\u3089\\u53c2\\u7167\\u3044\\u305f\\u3060\\u3051\\u307e\\u3059\\uff01<br/></p><p>\\u4ee5\\u4e0a\\u3001\\u5f15\\u304d\\u7d9a\\u304d\\u3088\\u308d\\u3057\\u304f\\u304a\\u9858\\u3044\\u3044\\u305f\\u3057\\u307e\\u3059\\u3002</p>\", \"author\": null, \"tagged_items\": [{\"pk\": 28, \"tag\": 15, \"content_object\": 16}], \"gallery_images\": [{\"pk\": 4, \"sort_order\": 0, \"page\": 16, \"image\": 25, \"caption\": \"\"}], \"categories\": []}",
    "approved_go_live_at": null
  }
},
{
  "model": "wagtailcore.pagerevision",
  "pk": 99,
  "fields": {
    "page": 16,
    "submitted_for_moderation": false,
    "created_at": "2019-11-15T11:07:04.207Z",
    "user": [
      "yyamashita"
    ],
    "content_json": "{\"pk\": 16, \"path\": \"0001000200040003\", \"depth\": 4, \"numchild\": 0, \"title\": \"fluctuate@\\u30d2\\u30bd\\u30df\\u30cd\\u5927\\u5bae(09/14)\\u306b\\u51fa\\u6f14\\u3044\\u305f\\u3057\\u307e\\u3057\\u305f\", \"draft_title\": \"fluctuate@\\u30d2\\u30bd\\u30df\\u30cd\\u5927\\u5bae(09/14)\\u306b\\u51fa\\u6f14\\u3044\\u305f\\u3057\\u307e\\u3057\\u305f\\u3002\", \"slug\": \"fluctuate\\u30d2\\u30bd\\u30df\\u30cd\\u5927\\u5bae0914\\u306b\\u51fa\\u6f14\\u3044\\u305f\\u3057\\u307e\\u3057\\u305f\", \"content_type\": 10, \"live\": true, \"has_unpublished_changes\": false, \"url_path\": \"/home/news/fluctuate\\u30d2\\u30bd\\u30df\\u30cd\\u5927\\u5bae0914\\u306b\\u51fa\\u6f14\\u3044\\u305f\\u3057\\u307e\\u3057\\u305f/\", \"owner\": 1, \"seo_title\": \"\", \"show_in_menus\": false, \"search_description\": \"\", \"go_live_at\": null, \"expire_at\": null, \"expired\": false, \"locked\": false, \"first_published_at\": \"2019-11-15T11:06:46.142Z\", \"last_published_at\": \"2019-11-15T11:06:46.142Z\", \"latest_revision_created_at\": \"2019-11-15T11:06:46.020Z\", \"live_revision\": 98, \"date\": \"2019-09-15\", \"intro\": \"\\u3053\\u306e\\u5ea6 mosquitone \\u304cfluctuate@\\u30d2\\u30bd\\u30df\\u30cd\\u5927\\u5bae(09/14)\\u306b\\u51fa\\u6f14\\u3044\\u305f\\u3057\\u307e\\u3057\\u305f\\u3053\\u3068\\u3092\\u304a\\u77e5\\u3089\\u305b\\u3044\\u305f\\u3057\\u307e\\u3059\\u3002\", \"body\": \"<p>\\u3053\\u3093\\u306b\\u3061\\u306f\\u3001 mosquitone \\u3067\\u3059\\u3002</p><p>\\u3053\\u306e\\u5ea6 09/14(\\u571f) \\u306b mosquitone \\u306f\\u3001\\u5927\\u5bae\\u30d2\\u30bd\\u30df\\u30cd\\u69d8\\u4e3b\\u50ac\\u30d6\\u30c3\\u30ad\\u30f3\\u30b0\\u30e9\\u30a4\\u30d6 <a href=\\\"http://hisomine.com/schedules/view/2681\\\">fluctuate</a> \\u306b\\u51fa\\u6f14\\u3044\\u305f\\u3057\\u307e\\u3057\\u305f\\uff01</p><p>\\u521d\\u306e\\u57fc\\u7389\\u3067\\u306e\\u30e9\\u30a4\\u30d6\\u3068\\u3044\\u3046\\u3053\\u3068\\u3082\\u3042\\u308a\\u3001\\u30e1\\u30f3\\u30d0\\u30fc\\u5171\\u3005\\u7dca\\u5f35\\u3068\\u8208\\u596e\\u3001\\u6c17\\u5408\\u3092\\b\\u8fbc\\u3081\\u305f\\u6f14\\u594f\\u3068\\u306a\\u308a\\u307e\\u3057\\u305f\\u3002<br/></p><embed alt=\\\"\\u6f14\\u594f\\u306e\\u69d8\\u5b50\\\" embedtype=\\\"image\\\" format=\\\"fullwidth\\\" id=\\\"26\\\"/><p></p><p>\\u307e\\u305f\\u3001\\u51fa\\u6f14\\u3055\\u308c\\u307e\\u3057\\u305f\\u3001\\u30d0\\u30f3\\u30c9\\u306e\\u7686\\u69d8\\u306e\\u30ab\\u30c3\\u30b3\\u3044\\u3044\\u66f2\\u00b7\\u30d1\\u30d5\\u30a9\\u30fc\\u30de\\u30f3\\u30b9\\u3092\\u9593\\u8fd1\\u3067\\u898b\\u3066\\u3001\\u6211\\u3005\\u81ea\\u8eab\\u3001\\u30e9\\u30a4\\u30d6\\u3092\\u697d\\u3057\\u3080\\u3068\\u3068\\u3082\\u306b\\u3001\\u30d0\\u30f3\\u30c9\\u3068\\u3057\\u3066\\u52c9\\u5f37\\u306b\\u306a\\u308b\\u3053\\u3068\\u3070\\u304b\\u308a\\u3067\\u3057\\u305f\\u3002</p><p>\\u3055\\u3089\\u306b\\u51fa\\u6f14\\u5f8c\\u306b\\u3001\\u30b9\\u30bf\\u30c3\\u30d5\\u69d8\\u3001\\u51fa\\u6f14\\u3055\\u308c\\u305f\\u30d0\\u30f3\\u30c9\\u306e\\u7686\\u69d8\\u306b\\u3001<br/> \\u6e29\\u304b\\u3044\\u8a00\\u8449\\u3092\\u9802\\u304d\\u307e\\u3057\\u3066\\u3001\\u6211\\u3005\\u306e\\u3084\\u3063\\u3066\\u304d\\u305f\\u3053\\u3068\\u304c\\u8a8d\\u3081\\u3066\\u3044\\u305f\\u3060\\u3051\\u305f\\u3088\\u3046\\u306a\\u6c17\\u6301\\u3061\\u306b\\u306a\\u308a\\u3001\\u3064\\u304f\\u3065\\u304f\\u30d0\\u30f3\\u30c9\\u3092\\u3084\\u3063\\u3066\\u3044\\u3066\\u3088\\u304b\\u3063\\u305f\\u306a\\u3041\\u3068\\u6539\\u3081\\u3066\\u601d\\u3044\\u307e\\u3059\\u3002</p><p>\\u3053\\u306e\\u5834\\u3092\\u304a\\u501f\\u308a\\u3057\\u3066\\u95a2\\u4fc2\\u8005\\u7686\\u69d8\\u3078\\u306e\\u304a\\u793c\\u7533\\u3057\\u4e0a\\u3052\\u307e\\u3059\\u3002\\u672c\\u5f53\\u306b\\u3042\\u308a\\u304c\\u3068\\u3046\\u3054\\u3056\\u3044\\u307e\\u3057\\u305f\\u3002</p><p></p><p>\\u3044\\u3084\\u3041\\u30d0\\u30f3\\u30c9\\u3063\\u3066\\u672c\\u5f53\\u306b\\u3044\\u3044\\u3082\\u3093\\u3067\\u3059\\u306d\\uff01</p><p></p><p>\\u3057\\u304b\\u3057\\u4e00\\u3064\\u3001\\u5931\\u6557\\u3057\\u3066\\u3057\\u307e\\u3063\\u305f\\u70b9\\u306f\\u3001<br/> \\u672c\\u8a18\\u4e8b\\u306b\\u6dfb\\u4ed8\\u3059\\u308b\\u3064\\u3082\\u308a\\u3060\\u3063\\u305f\\u96c6\\u5408\\u5199\\u771f\\u3092\\u64ae\\u5f71\\u3059\\u308b\\u306e\\u3092\\u5fd8\\u308c\\u3066\\u3057\\u307e\\u3063\\u305f\\u3053\\u3068<b>\\u2026</b></p><p>\\u305d\\u308c\\u304f\\u3089\\u3044\\u5922\\u4e2d\\u306b\\u306a\\u3063\\u3066\\u697d\\u3057\\u3093\\u3067\\u3044\\u305f<b>\\u2026</b>\\u3068\\u3044\\u3046\\u308f\\u3051\\u3067\\u4ee3\\u308f\\u308a\\u306b\\u5f53\\u65e5\\u64ae\\u5f71\\u3057\\u305f\\u30ea\\u30fc\\u30c0\\u30fc\\u306e\\u5199\\u771f(Tweet)\\u3092\\u6dfb\\u4ed8\\u3044\\u305f\\u3057\\u307e\\u3059\\u3002</p><embed alt=\\\"\\u30a4\\u30d9\\u30f3\\u30c8\\u4e2d\\u306e\\u3052\\u3093\\u305f\\u308d\\u3046\\u3055\\u3093\\u306e\\u69d8\\u5b50\\\" embedtype=\\\"image\\\" format=\\\"fullwidth\\\" id=\\\"25\\\"/><p>\\u3046\\u30fc\\u3093\\u72b6\\u6cc1\\u304c\\u4f1d\\u308f\\u3089\\u306a\\u3044\\u6c17\\u304c<b>\\u2026</b>\\u6b21\\u56de\\u30e9\\u30a4\\u30d6\\u3067\\u306f\\u5fd8\\u308c\\u306a\\u3044\\u3088\\u3046\\u306b\\u3057\\u3088\\u3046<b>\\u2026</b></p><p></p><p>\\u3055\\u3066\\u3001\\u30a4\\u30d9\\u30f3\\u30c8\\u3092\\u5168\\u8eab\\u5168\\u970a\\u3067\\u697d\\u3057\\u3093\\u3060<b> mosquitone</b> \\u3067\\u3059\\u304c\\u3001<br/> \\u306a\\u3093\\u3068\\uff01\\u540c\\u3058\\u304f\\u30d2\\u30bd\\u30df\\u30cd\\u69d8\\u4e3b\\u50ac<b>\\u30d6\\u30c3\\u30ad\\u30f3\\u30b0\\u30a4\\u30d9\\u30f3\\u30c8\\u300c</b><a href=\\\"http://hisomine.com/schedules/view/2764\\\"><b>exhibit(12/21)</b></a><b>\\u300d\\u3078\\u306e\\u51fa\\u6f14\\u304c\\u6c7a\\u5b9a</b>\\u3057\\u307e\\u3057\\u305f\\uff01</p><p>\\u3088\\u308a\\u3001\\u9032\\u5316\\u3057\\u305f<b> mosquitone</b> \\u3092\\u518d\\u3073\\u304a\\u697d\\u3057\\u307f\\u304f\\u3060\\u3055\\u3044\\uff01\\uff01</p><p><br/>\\u30c1\\u30b1\\u30c3\\u30c8\\u306e\\u524d\\u58f2\\u308a\\u306f <a id=\\\"5\\\" linktype=\\\"page\\\">Contact</a> \\u30da\\u30fc\\u30b8\\u304b\\u3089\\u30e1\\u30fc\\u30eb\\u00b7\\u30fb\\u5404\\u7a2e<b>SNS</b>\\u3092\\u53c2\\u7167\\u306e\\u4e0a\\u3054\\u9023\\u7d61\\u304a\\u9858\\u3044\\u3044\\u305f\\u3057\\u307e\\u3059\\uff01<br/></p><p>\\u672c\\u30a4\\u30d9\\u30f3\\u30c8\\u542b\\u3081\\u3001\\u30e9\\u30a4\\u30d6\\u60c5\\u5831\\u306f <a id=\\\"9\\\" linktype=\\\"page\\\">Shows</a> \\u304b\\u3089\\u53c2\\u7167\\u3044\\u305f\\u3060\\u3051\\u307e\\u3059\\uff01<br/></p><p>\\u4ee5\\u4e0a\\u3001\\u5f15\\u304d\\u7d9a\\u304d\\u3088\\u308d\\u3057\\u304f\\u304a\\u9858\\u3044\\u3044\\u305f\\u3057\\u307e\\u3059\\u3002</p>\", \"author\": null, \"tagged_items\": [{\"pk\": null, \"tag\": 15, \"content_object\": 16}], \"gallery_images\": [{\"pk\": 4, \"sort_order\": 0, \"page\": 16, \"image\": 25, \"caption\": \"\"}], \"categories\": []}",
    "approved_go_live_at": null
  }
},
{
  "model": "wagtailcore.pagerevision",
  "pk": 100,
  "fields": {
    "page": 16,
    "submitted_for_moderation": false,
    "created_at": "2019-11-15T11:21:34.902Z",
    "user": [
      "yyamashita"
    ],
    "content_json": "{\"pk\": 16, \"path\": \"0001000200040003\", \"depth\": 4, \"numchild\": 0, \"title\": \"fluctuate@\\u30d2\\u30bd\\u30df\\u30cd\\u5927\\u5bae(09/14)\\u306b\\u51fa\\u6f14\\u3044\\u305f\\u3057\\u307e\\u3057\\u305f\", \"draft_title\": \"fluctuate@\\u30d2\\u30bd\\u30df\\u30cd\\u5927\\u5bae(09/14)\\u306b\\u51fa\\u6f14\\u3044\\u305f\\u3057\\u307e\\u3057\\u305f\", \"slug\": \"fluctuate\\u30d2\\u30bd\\u30df\\u30cd\\u5927\\u5bae0914\\u306b\\u51fa\\u6f14\\u3044\\u305f\\u3057\\u307e\\u3057\\u305f\", \"content_type\": 10, \"live\": true, \"has_unpublished_changes\": false, \"url_path\": \"/home/news/fluctuate\\u30d2\\u30bd\\u30df\\u30cd\\u5927\\u5bae0914\\u306b\\u51fa\\u6f14\\u3044\\u305f\\u3057\\u307e\\u3057\\u305f/\", \"owner\": 1, \"seo_title\": \"\", \"show_in_menus\": false, \"search_description\": \"\", \"go_live_at\": null, \"expire_at\": null, \"expired\": false, \"locked\": false, \"first_published_at\": \"2019-11-15T11:06:46.142Z\", \"last_published_at\": \"2019-11-15T11:07:04.341Z\", \"latest_revision_created_at\": \"2019-11-15T11:07:04.207Z\", \"live_revision\": 99, \"date\": \"2019-09-15\", \"intro\": \"\\u3053\\u306e\\u5ea6 mosquitone \\u304cfluctuate@\\u30d2\\u30bd\\u30df\\u30cd\\u5927\\u5bae(09/14)\\u306b\\u51fa\\u6f14\\u3044\\u305f\\u3057\\u307e\\u3057\\u305f\\u3053\\u3068\\u3092\\u304a\\u77e5\\u3089\\u305b\\u3044\\u305f\\u3057\\u307e\\u3059\\u3002\", \"body\": \"<p>\\u3053\\u3093\\u306b\\u3061\\u306f\\u3001 mosquitone \\u3067\\u3059\\u3002</p><p>\\u3053\\u306e\\u5ea6 09/14(\\u571f) \\u306b mosquitone \\u306f\\u3001\\u5927\\u5bae\\u30d2\\u30bd\\u30df\\u30cd\\u69d8\\u4e3b\\u50ac\\u30d6\\u30c3\\u30ad\\u30f3\\u30b0\\u30e9\\u30a4\\u30d6 <a href=\\\"http://hisomine.com/schedules/view/2681\\\">fluctuate</a> \\u306b\\u51fa\\u6f14\\u3044\\u305f\\u3057\\u307e\\u3057\\u305f\\uff01</p><p>\\u521d\\u306e\\u57fc\\u7389\\u3067\\u306e\\u30e9\\u30a4\\u30d6\\u3068\\u3044\\u3046\\u3053\\u3068\\u3082\\u3042\\u308a\\u3001\\u30e1\\u30f3\\u30d0\\u30fc\\u5171\\u3005\\u7dca\\u5f35\\u3068\\u8208\\u596e\\u3001\\u6c17\\u5408\\u3092\\b\\u8fbc\\u3081\\u305f\\u6f14\\u594f\\u3068\\u306a\\u308a\\u307e\\u3057\\u305f\\u3002<br/></p><embed alt=\\\"\\u6f14\\u594f\\u306e\\u69d8\\u5b50\\\" embedtype=\\\"image\\\" format=\\\"fullwidth\\\" id=\\\"26\\\"/><p></p><p>\\u307e\\u305f\\u3001\\u51fa\\u6f14\\u3055\\u308c\\u307e\\u3057\\u305f\\u3001\\u30d0\\u30f3\\u30c9\\u306e\\u7686\\u69d8\\u306e\\u30ab\\u30c3\\u30b3\\u3044\\u3044\\u66f2\\u00b7\\u30d1\\u30d5\\u30a9\\u30fc\\u30de\\u30f3\\u30b9\\u3092\\u9593\\u8fd1\\u3067\\u898b\\u3066\\u3001\\u6211\\u3005\\u81ea\\u8eab\\u3001\\u30e9\\u30a4\\u30d6\\u3092\\u697d\\u3057\\u3080\\u3068\\u3068\\u3082\\u306b\\u3001\\u30d0\\u30f3\\u30c9\\u3068\\u3057\\u3066\\u52c9\\u5f37\\u306b\\u306a\\u308b\\u3053\\u3068\\u3070\\u304b\\u308a\\u3067\\u3057\\u305f\\u3002</p><p></p><embed alt=\\\"\\u540d\\u523a\\u4ee3\\u308f\\u308a\\u306e\\u30ab\\u30fc\\u30c9\\\" embedtype=\\\"image\\\" format=\\\"fullwidth\\\" id=\\\"27\\\"/><p>(\\u540d\\u523a\\u4ee3\\u308f\\u308a\\u306b\\u4f5c\\u6210\\u3057\\u305f\\u30df\\u30cb\\u30d5\\u30e9\\u30a4\\u30e4\\u30fc)</p><p></p><p>\\u3055\\u3089\\u306b\\u51fa\\u6f14\\u5f8c\\u306b\\u3001\\u30b9\\u30bf\\u30c3\\u30d5\\u69d8\\u3001\\u51fa\\u6f14\\u3055\\u308c\\u305f\\u30d0\\u30f3\\u30c9\\u306e\\u7686\\u69d8\\u306b\\u3001<br/> \\u6e29\\u304b\\u3044\\u8a00\\u8449\\u3092\\u9802\\u304d\\u307e\\u3057\\u3066\\u3001\\u6211\\u3005\\u306e\\u3084\\u3063\\u3066\\u304d\\u305f\\u3053\\u3068\\u304c\\u8a8d\\u3081\\u3066\\u3044\\u305f\\u3060\\u3051\\u305f\\u3088\\u3046\\u306a\\u6c17\\u6301\\u3061\\u306b\\u306a\\u308a\\u3001\\u3064\\u304f\\u3065\\u304f\\u30d0\\u30f3\\u30c9\\u3092\\u3084\\u3063\\u3066\\u3044\\u3066\\u3088\\u304b\\u3063\\u305f\\u306a\\u3041\\u3068\\u6539\\u3081\\u3066\\u601d\\u3044\\u307e\\u3059\\u3002</p><p>\\u3053\\u306e\\u5834\\u3092\\u304a\\u501f\\u308a\\u3057\\u3066\\u95a2\\u4fc2\\u8005\\u7686\\u69d8\\u3078\\u306e\\u304a\\u793c\\u7533\\u3057\\u4e0a\\u3052\\u307e\\u3059\\u3002\\u672c\\u5f53\\u306b\\u3042\\u308a\\u304c\\u3068\\u3046\\u3054\\u3056\\u3044\\u307e\\u3057\\u305f\\u3002</p><p></p><p>\\u3044\\u3084\\u3041\\u30d0\\u30f3\\u30c9\\u3063\\u3066\\u672c\\u5f53\\u306b\\u3044\\u3044\\u3082\\u3093\\u3067\\u3059\\u306d\\uff01</p><p></p><p>\\u3057\\u304b\\u3057\\u4e00\\u3064\\u3001\\u5931\\u6557\\u3057\\u3066\\u3057\\u307e\\u3063\\u305f\\u70b9\\u306f\\u3001<br/> \\u672c\\u8a18\\u4e8b\\u306b\\u6dfb\\u4ed8\\u3059\\u308b\\u3064\\u3082\\u308a\\u3060\\u3063\\u305f\\u96c6\\u5408\\u5199\\u771f\\u3092\\u64ae\\u5f71\\u3059\\u308b\\u306e\\u3092\\u5fd8\\u308c\\u3066\\u3057\\u307e\\u3063\\u305f\\u3053\\u3068<b>\\u2026</b></p><p>\\u305d\\u308c\\u304f\\u3089\\u3044\\u5922\\u4e2d\\u306b\\u306a\\u3063\\u3066\\u697d\\u3057\\u3093\\u3067\\u3044\\u305f<b>\\u2026</b>\\u3068\\u3044\\u3046\\u308f\\u3051\\u3067\\u4ee3\\u308f\\u308a\\u306b\\u5f53\\u65e5\\u64ae\\u5f71\\u3057\\u305f\\u30ea\\u30fc\\u30c0\\u30fc\\u306e\\u5199\\u771f(Tweet)\\u3092\\u6dfb\\u4ed8\\u3044\\u305f\\u3057\\u307e\\u3059\\u3002</p><embed alt=\\\"\\u30a4\\u30d9\\u30f3\\u30c8\\u4e2d\\u306e\\u3052\\u3093\\u305f\\u308d\\u3046\\u3055\\u3093\\u306e\\u69d8\\u5b50\\\" embedtype=\\\"image\\\" format=\\\"fullwidth\\\" id=\\\"25\\\"/><p>\\u3046\\u30fc\\u3093\\u72b6\\u6cc1\\u304c\\u4f1d\\u308f\\u3089\\u306a\\u3044\\u6c17\\u304c<b>\\u2026</b>\\u6b21\\u56de\\u30e9\\u30a4\\u30d6\\u3067\\u306f\\u5fd8\\u308c\\u306a\\u3044\\u3088\\u3046\\u306b\\u3057\\u3088\\u3046<b>\\u2026</b></p><p></p><p>\\u3055\\u3066\\u3001\\u30a4\\u30d9\\u30f3\\u30c8\\u3092\\u5168\\u8eab\\u5168\\u970a\\u3067\\u697d\\u3057\\u3093\\u3060<b> mosquitone</b> \\u3067\\u3059\\u304c\\u3001<br/> \\u306a\\u3093\\u3068\\uff01\\u540c\\u3058\\u304f\\u30d2\\u30bd\\u30df\\u30cd\\u69d8\\u4e3b\\u50ac<b>\\u30d6\\u30c3\\u30ad\\u30f3\\u30b0\\u30a4\\u30d9\\u30f3\\u30c8\\u300c</b><a href=\\\"http://hisomine.com/schedules/view/2764\\\"><b>exhibit(12/21)</b></a><b>\\u300d\\u3078\\u306e\\u51fa\\u6f14\\u304c\\u6c7a\\u5b9a</b>\\u3057\\u307e\\u3057\\u305f\\uff01</p><p>\\u3088\\u308a\\u3001\\u9032\\u5316\\u3057\\u305f<b> mosquitone</b> \\u3092\\u518d\\u3073\\u304a\\u697d\\u3057\\u307f\\u304f\\u3060\\u3055\\u3044\\uff01\\uff01</p><p><br/>\\u30c1\\u30b1\\u30c3\\u30c8\\u306e\\u524d\\u58f2\\u308a\\u306f <a id=\\\"5\\\" linktype=\\\"page\\\">Contact</a> \\u30da\\u30fc\\u30b8\\u304b\\u3089\\u30e1\\u30fc\\u30eb\\u00b7\\u30fb\\u5404\\u7a2e<b>SNS</b>\\u3092\\u53c2\\u7167\\u306e\\u4e0a\\u3054\\u9023\\u7d61\\u304a\\u9858\\u3044\\u3044\\u305f\\u3057\\u307e\\u3059\\uff01<br/></p><p>\\u672c\\u30a4\\u30d9\\u30f3\\u30c8\\u542b\\u3081\\u3001\\u30e9\\u30a4\\u30d6\\u60c5\\u5831\\u306f <a id=\\\"9\\\" linktype=\\\"page\\\">Shows</a> \\u304b\\u3089\\u53c2\\u7167\\u3044\\u305f\\u3060\\u3051\\u307e\\u3059\\uff01<br/></p><p>\\u4ee5\\u4e0a\\u3001\\u5f15\\u304d\\u7d9a\\u304d\\u3088\\u308d\\u3057\\u304f\\u304a\\u9858\\u3044\\u3044\\u305f\\u3057\\u307e\\u3059\\u3002</p>\", \"author\": null, \"tagged_items\": [{\"pk\": null, \"tag\": 15, \"content_object\": 16}], \"gallery_images\": [{\"pk\": 4, \"sort_order\": 0, \"page\": 16, \"image\": 25, \"caption\": \"\"}], \"categories\": []}",
    "approved_go_live_at": null
  }
},
{
  "model": "wagtailcore.pagerevision",
  "pk": 101,
  "fields": {
    "page": 16,
    "submitted_for_moderation": false,
    "created_at": "2019-11-15T11:30:07.307Z",
    "user": [
      "yyamashita"
    ],
    "content_json": "{\"pk\": 16, \"path\": \"0001000200040003\", \"depth\": 4, \"numchild\": 0, \"title\": \"fluctuate@\\u30d2\\u30bd\\u30df\\u30cd\\u5927\\u5bae(09/14)\\u306b\\u51fa\\u6f14\\u3044\\u305f\\u3057\\u307e\\u3057\\u305f\", \"draft_title\": \"fluctuate@\\u30d2\\u30bd\\u30df\\u30cd\\u5927\\u5bae(09/14)\\u306b\\u51fa\\u6f14\\u3044\\u305f\\u3057\\u307e\\u3057\\u305f\", \"slug\": \"fluctuate\\u30d2\\u30bd\\u30df\\u30cd\\u5927\\u5bae0914\\u306b\\u51fa\\u6f14\\u3044\\u305f\\u3057\\u307e\\u3057\\u305f\", \"content_type\": 10, \"live\": true, \"has_unpublished_changes\": false, \"url_path\": \"/home/news/fluctuate\\u30d2\\u30bd\\u30df\\u30cd\\u5927\\u5bae0914\\u306b\\u51fa\\u6f14\\u3044\\u305f\\u3057\\u307e\\u3057\\u305f/\", \"owner\": 1, \"seo_title\": \"\", \"show_in_menus\": false, \"search_description\": \"\", \"go_live_at\": null, \"expire_at\": null, \"expired\": false, \"locked\": false, \"first_published_at\": \"2019-11-15T11:06:46.142Z\", \"last_published_at\": \"2019-11-15T11:21:34.985Z\", \"latest_revision_created_at\": \"2019-11-15T11:21:34.902Z\", \"live_revision\": 100, \"date\": \"2019-09-15\", \"intro\": \"\\u3053\\u306e\\u5ea6 mosquitone \\u304cfluctuate@\\u30d2\\u30bd\\u30df\\u30cd\\u5927\\u5bae(09/14)\\u306b\\u51fa\\u6f14\\u3044\\u305f\\u3057\\u307e\\u3057\\u305f\\u3053\\u3068\\u3092\\u304a\\u77e5\\u3089\\u305b\\u3044\\u305f\\u3057\\u307e\\u3059\\u3002\", \"body\": \"<p>\\u3053\\u3093\\u306b\\u3061\\u306f\\u3001 mosquitone \\u3067\\u3059\\u3002</p><p>\\u3053\\u306e\\u5ea6 09/14(\\u571f) \\u306b mosquitone \\u306f\\u3001\\u5927\\u5bae\\u30d2\\u30bd\\u30df\\u30cd\\u69d8\\u4e3b\\u50ac\\u30d6\\u30c3\\u30ad\\u30f3\\u30b0\\u30e9\\u30a4\\u30d6 <a href=\\\"http://hisomine.com/schedules/view/2681\\\">fluctuate</a> \\u306b\\u51fa\\u6f14\\u3044\\u305f\\u3057\\u307e\\u3057\\u305f\\uff01</p><p>\\u521d\\u306e\\u57fc\\u7389\\u3067\\u306e\\u30e9\\u30a4\\u30d6\\u3068\\u3044\\u3046\\u3053\\u3068\\u3082\\u3042\\u308a\\u3001\\u30e1\\u30f3\\u30d0\\u30fc\\u5171\\u3005\\u7dca\\u5f35\\u3068\\u8208\\u596e\\u3001\\u6c17\\u5408\\u3092\\b\\u8fbc\\u3081\\u305f\\u6f14\\u594f\\u3068\\u306a\\u308a\\u307e\\u3057\\u305f\\u3002<br/></p><embed alt=\\\"\\u6f14\\u594f\\u306e\\u69d8\\u5b50\\\" embedtype=\\\"image\\\" format=\\\"fullwidth\\\" id=\\\"26\\\"/><p></p><p>\\u307e\\u305f\\u3001\\u51fa\\u6f14\\u3055\\u308c\\u307e\\u3057\\u305f\\u3001\\u30d0\\u30f3\\u30c9\\u306e\\u7686\\u69d8\\u306e\\u30ab\\u30c3\\u30b3\\u3044\\u3044\\u66f2\\u00b7\\u30d1\\u30d5\\u30a9\\u30fc\\u30de\\u30f3\\u30b9\\u3092\\u9593\\u8fd1\\u3067\\u898b\\u3066\\u3001\\u6211\\u3005\\u81ea\\u8eab\\u3001\\u30e9\\u30a4\\u30d6\\u3092\\u697d\\u3057\\u3080\\u3068\\u3068\\u3082\\u306b\\u3001\\u30d0\\u30f3\\u30c9\\u3068\\u3057\\u3066\\u52c9\\u5f37\\u306b\\u306a\\u308b\\u3053\\u3068\\u3070\\u304b\\u308a\\u3067\\u3057\\u305f\\u3002</p><p></p><embed alt=\\\"\\u540d\\u523a\\u4ee3\\u308f\\u308a\\u306e\\u30ab\\u30fc\\u30c9\\\" embedtype=\\\"image\\\" format=\\\"fullwidth\\\" id=\\\"27\\\"/><p>(\\u540d\\u523a\\u4ee3\\u308f\\u308a\\u306b\\u4f5c\\u6210\\u3057\\u305f\\u30df\\u30cb\\u30d5\\u30e9\\u30a4\\u30e4\\u30fc)</p><p></p><p>\\u3055\\u3089\\u306b\\u51fa\\u6f14\\u5f8c\\u306b\\u3001\\u30b9\\u30bf\\u30c3\\u30d5\\u69d8\\u3001\\u51fa\\u6f14\\u3055\\u308c\\u305f\\u30d0\\u30f3\\u30c9\\u306e\\u7686\\u69d8\\u306b\\u3001<br/> \\u6e29\\u304b\\u3044\\u8a00\\u8449\\u3092\\u9802\\u304d\\u307e\\u3057\\u3066\\u3001\\u6211\\u3005\\u306e\\u3084\\u3063\\u3066\\u304d\\u305f\\u3053\\u3068\\u304c\\u8a8d\\u3081\\u3066\\u3044\\u305f\\u3060\\u3051\\u305f\\u3088\\u3046\\u306a\\u6c17\\u6301\\u3061\\u306b\\u306a\\u308a\\u3001\\u3064\\u304f\\u3065\\u304f\\u30d0\\u30f3\\u30c9\\u3092\\u3084\\u3063\\u3066\\u3044\\u3066\\u3088\\u304b\\u3063\\u305f\\u306a\\u3041\\u3068\\u6539\\u3081\\u3066\\u601d\\u3044\\u307e\\u3059\\u3002</p><p>\\u3053\\u306e\\u5834\\u3092\\u304a\\u501f\\u308a\\u3057\\u3066\\u95a2\\u4fc2\\u8005\\u7686\\u69d8\\u3078\\u306e\\u304a\\u793c\\u7533\\u3057\\u4e0a\\u3052\\u307e\\u3059\\u3002\\u672c\\u5f53\\u306b\\u3042\\u308a\\u304c\\u3068\\u3046\\u3054\\u3056\\u3044\\u307e\\u3057\\u305f\\u3002</p><p></p><p>\\u3044\\u3084\\u3041\\u30d0\\u30f3\\u30c9\\u3063\\u3066\\u672c\\u5f53\\u306b\\u3044\\u3044\\u3082\\u3093\\u3067\\u3059\\u306d\\uff01</p><p></p><p>\\u3057\\u304b\\u3057\\u4e00\\u3064\\u3001\\u5931\\u6557\\u3057\\u3066\\u3057\\u307e\\u3063\\u305f\\u70b9\\u306f\\u3001<br/> \\u672c\\u8a18\\u4e8b\\u306b\\u6dfb\\u4ed8\\u3059\\u308b\\u3064\\u3082\\u308a\\u3060\\u3063\\u305f\\u96c6\\u5408\\u5199\\u771f\\u3092\\u64ae\\u5f71\\u3059\\u308b\\u306e\\u3092\\u5fd8\\u308c\\u3066\\u3057\\u307e\\u3063\\u305f\\u3053\\u3068<b>\\u2026</b></p><p>\\u305d\\u308c\\u304f\\u3089\\u3044\\u5922\\u4e2d\\u306b\\u306a\\u3063\\u3066\\u697d\\u3057\\u3093\\u3067\\u3044\\u305f<b>\\u2026</b>\\u3068\\u3044\\u3046\\u308f\\u3051\\u3067\\u4ee3\\u308f\\u308a\\u306b\\u5f53\\u65e5\\u64ae\\u5f71\\u3057\\u305f\\u30ea\\u30fc\\u30c0\\u30fc\\u306e\\u5199\\u771f(Tweet)\\u3092\\u6dfb\\u4ed8\\u3044\\u305f\\u3057\\u307e\\u3059\\u3002</p><embed embedtype=\\\"media\\\" url=\\\"https://twitter.com/mosquitone_info/status/1172905325252341763\\\"/><p>\\u3046\\u30fc\\u3093\\u72b6\\u6cc1\\u304c\\u4f1d\\u308f\\u3089\\u306a\\u3044\\u6c17\\u304c<b>\\u2026</b>\\u6b21\\u56de\\u30e9\\u30a4\\u30d6\\u3067\\u306f\\u5fd8\\u308c\\u306a\\u3044\\u3088\\u3046\\u306b\\u3057\\u3088\\u3046<b>\\u2026</b></p><p></p><p>\\u3055\\u3066\\u3001\\u30a4\\u30d9\\u30f3\\u30c8\\u3092\\u5168\\u8eab\\u5168\\u970a\\u3067\\u697d\\u3057\\u3093\\u3060<b> mosquitone</b> \\u3067\\u3059\\u304c\\u3001<br/> \\u306a\\u3093\\u3068\\uff01\\u540c\\u3058\\u304f\\u30d2\\u30bd\\u30df\\u30cd\\u69d8\\u4e3b\\u50ac<b>\\u30d6\\u30c3\\u30ad\\u30f3\\u30b0\\u30a4\\u30d9\\u30f3\\u30c8\\u300c</b><a href=\\\"http://hisomine.com/schedules/view/2764\\\"><b>exhibit(12/21)</b></a><b>\\u300d\\u3078\\u306e\\u51fa\\u6f14\\u304c\\u6c7a\\u5b9a</b>\\u3057\\u307e\\u3057\\u305f\\uff01</p><p>\\u3088\\u308a\\u3001\\u9032\\u5316\\u3057\\u305f<b> mosquitone</b> \\u3092\\u518d\\u3073\\u304a\\u697d\\u3057\\u307f\\u304f\\u3060\\u3055\\u3044\\uff01\\uff01</p><p><br/>\\u30c1\\u30b1\\u30c3\\u30c8\\u306e\\u524d\\u58f2\\u308a\\u306f <a id=\\\"5\\\" linktype=\\\"page\\\">Contact</a> \\u30da\\u30fc\\u30b8\\u304b\\u3089\\u30e1\\u30fc\\u30eb\\u00b7\\u30fb\\u5404\\u7a2e<b>SNS</b>\\u3092\\u53c2\\u7167\\u306e\\u4e0a\\u3054\\u9023\\u7d61\\u304a\\u9858\\u3044\\u3044\\u305f\\u3057\\u307e\\u3059\\uff01<br/></p><p>\\u672c\\u30a4\\u30d9\\u30f3\\u30c8\\u542b\\u3081\\u3001\\u30e9\\u30a4\\u30d6\\u60c5\\u5831\\u306f <a id=\\\"9\\\" linktype=\\\"page\\\">Shows</a> \\u304b\\u3089\\u53c2\\u7167\\u3044\\u305f\\u3060\\u3051\\u307e\\u3059\\uff01<br/></p><p>\\u4ee5\\u4e0a\\u3001\\u5f15\\u304d\\u7d9a\\u304d\\u3088\\u308d\\u3057\\u304f\\u304a\\u9858\\u3044\\u3044\\u305f\\u3057\\u307e\\u3059\\u3002</p>\", \"author\": null, \"tagged_items\": [{\"pk\": null, \"tag\": 15, \"content_object\": 16}], \"gallery_images\": [{\"pk\": 4, \"sort_order\": 0, \"page\": 16, \"image\": 25, \"caption\": \"\"}], \"categories\": []}",
    "approved_go_live_at": null
  }
},
{
  "model": "wagtailcore.page",
  "pk": 1,
  "fields": {
    "path": "0001",
    "depth": 1,
    "numchild": 1,
    "title": "Root",
    "draft_title": "Root",
    "slug": "root",
    "content_type": [
      "wagtailcore",
      "page"
    ],
    "live": true,
    "has_unpublished_changes": false,
    "url_path": "/",
    "owner": null,
    "seo_title": "",
    "show_in_menus": false,
    "search_description": "",
    "go_live_at": null,
    "expire_at": null,
    "expired": false,
    "locked": false,
    "first_published_at": null,
    "last_published_at": null,
    "latest_revision_created_at": null,
    "live_revision": null
  }
},
{
  "model": "wagtailcore.page",
  "pk": 3,
  "fields": {
    "path": "00010002",
    "depth": 2,
    "numchild": 7,
    "title": "Mosquitone",
    "draft_title": "Mosquitone",
    "slug": "home",
    "content_type": [
      "home",
      "homepage"
    ],
    "live": true,
    "has_unpublished_changes": false,
    "url_path": "/home/",
    "owner": [
      "yyamashita"
    ],
    "seo_title": "\u6771\u4eac \u30a8\u30e2 \u30d0\u30f3\u30c9 mosquitone",
    "show_in_menus": true,
    "search_description": "\u6771\u4eac\u767a\u30a8\u30e2\u30d0\u30f3\u30c9 mosquitone \u516c\u5f0f\u30da\u30fc\u30b8\r\n\r\nmosquitone (\u3082\u3059\u304d\u30fc\u3068\u30fc\u3093)\u306f\r\n\u6771\u4eac\u3092\u4e2d\u5fc3\u306b\u30a8\u30e2\u697d\u66f2\u306e\u4f5c\u6210\u3068\u6f14\u594f\u306e\u6d3b\u52d5\u3092\u3057\u3066\u3044\u308b4\u4eba\u7d44\u30d0\u30f3\u30c9\u3067\u3059\u3002",
    "go_live_at": null,
    "expire_at": null,
    "expired": false,
    "locked": false,
    "first_published_at": "2019-08-09T16:29:43.057Z",
    "last_published_at": "2019-10-17T00:26:30.820Z",
    "latest_revision_created_at": "2019-10-17T00:26:30.750Z",
    "live_revision": 97
  }
},
{
  "model": "wagtailcore.page",
  "pk": 4,
  "fields": {
    "path": "000100020001",
    "depth": 3,
    "numchild": 0,
    "title": "About us",
    "draft_title": "About us",
    "slug": "band",
    "content_type": [
      "about",
      "aboutpage"
    ],
    "live": true,
    "has_unpublished_changes": false,
    "url_path": "/home/band/",
    "owner": [
      "yyamashita"
    ],
    "seo_title": "About us (Band)",
    "show_in_menus": true,
    "search_description": "mosquitone \u306e\u6b74\u53f2 (History)\u3001\u30e1\u30f3\u30d0\u30fc (Members) \u60c5\u5831\u3067\u3059\u3002",
    "go_live_at": null,
    "expire_at": null,
    "expired": false,
    "locked": false,
    "first_published_at": "2019-08-09T16:32:26.832Z",
    "last_published_at": "2019-09-03T10:21:29.902Z",
    "latest_revision_created_at": "2019-09-03T10:21:29.851Z",
    "live_revision": 74
  }
},
{
  "model": "wagtailcore.page",
  "pk": 5,
  "fields": {
    "path": "000100020002",
    "depth": 3,
    "numchild": 0,
    "title": "Contact",
    "draft_title": "Contact",
    "slug": "contact",
    "content_type": [
      "contact",
      "contactpage"
    ],
    "live": true,
    "has_unpublished_changes": false,
    "url_path": "/home/contact/",
    "owner": [
      "yyamashita"
    ],
    "seo_title": "Contact",
    "show_in_menus": true,
    "search_description": "mosquitone \u306e\u30e9\u30a4\u30d6\u51fa\u6f14\u4f9d\u983c  \u304a\u554f\u3044\u5408\u308f\u305b\u5148(Contact information, include mail, sns) \u60c5\u5831\u3067\u3059\u3002",
    "go_live_at": null,
    "expire_at": null,
    "expired": false,
    "locked": false,
    "first_published_at": "2019-08-09T16:32:55.493Z",
    "last_published_at": "2019-08-18T05:06:34.354Z",
    "latest_revision_created_at": "2019-08-18T05:06:34.306Z",
    "live_revision": 41
  }
},
{
  "model": "wagtailcore.page",
  "pk": 6,
  "fields": {
    "path": "000100020003",
    "depth": 3,
    "numchild": 1,
    "title": "Music",
    "draft_title": "Music",
    "slug": "music",
    "content_type": [
      "music",
      "musicindexpage"
    ],
    "live": true,
    "has_unpublished_changes": false,
    "url_path": "/home/music/",
    "owner": [
      "yyamashita"
    ],
    "seo_title": "Music",
    "show_in_menus": true,
    "search_description": "mosquitone \u306e\u697d\u66f2\u30fb\u97f3\u6e90(Music, Album, CD)\u60c5\u5831\u3067\u3059\u3002",
    "go_live_at": null,
    "expire_at": null,
    "expired": false,
    "locked": false,
    "first_published_at": "2019-08-09T16:33:28.821Z",
    "last_published_at": "2019-08-16T17:25:51.992Z",
    "latest_revision_created_at": "2019-08-16T17:25:51.936Z",
    "live_revision": 34
  }
},
{
  "model": "wagtailcore.page",
  "pk": 7,
  "fields": {
    "path": "000100020004",
    "depth": 3,
    "numchild": 3,
    "title": "News",
    "draft_title": "News",
    "slug": "news",
    "content_type": [
      "news",
      "newsindexpage"
    ],
    "live": true,
    "has_unpublished_changes": false,
    "url_path": "/home/news/",
    "owner": [
      "yyamashita"
    ],
    "seo_title": "News",
    "show_in_menus": true,
    "search_description": "mosquitone \u306e\u30cb\u30e5\u30fc\u30b9 (\u30d6\u30ed\u30b0\u3092\u542b\u3080) \u30da\u30fc\u30b8\u3067\u3059\u3002",
    "go_live_at": null,
    "expire_at": null,
    "expired": false,
    "locked": false,
    "first_published_at": "2019-08-09T16:33:58.310Z",
    "last_published_at": "2019-08-16T17:23:53.607Z",
    "latest_revision_created_at": "2019-08-16T17:23:53.535Z",
    "live_revision": 30
  }
},
{
  "model": "wagtailcore.page",
  "pk": 8,
  "fields": {
    "path": "000100020005",
    "depth": 3,
    "numchild": 0,
    "title": "Sitemap",
    "draft_title": "Sitemap",
    "slug": "sitemap",
    "content_type": [
      "sitemap",
      "sitemappage"
    ],
    "live": true,
    "has_unpublished_changes": false,
    "url_path": "/home/sitemap/",
    "owner": [
      "yyamashita"
    ],
    "seo_title": "Sitemap",
    "show_in_menus": true,
    "search_description": "\u30b5\u30a4\u30c8\u30de\u30c3\u30d7(\u30da\u30fc\u30b8\u4e00\u89a7)\u3067\u3059\u3002",
    "go_live_at": null,
    "expire_at": null,
    "expired": false,
    "locked": false,
    "first_published_at": "2019-08-09T16:34:26.771Z",
    "last_published_at": "2019-08-16T17:24:56.685Z",
    "latest_revision_created_at": "2019-08-16T17:24:56.632Z",
    "live_revision": 32
  }
},
{
  "model": "wagtailcore.page",
  "pk": 9,
  "fields": {
    "path": "000100020006",
    "depth": 3,
    "numchild": 0,
    "title": "Shows",
    "draft_title": "Shows",
    "slug": "shows",
    "content_type": [
      "tours",
      "showindexpage"
    ],
    "live": true,
    "has_unpublished_changes": false,
    "url_path": "/home/shows/",
    "owner": [
      "yyamashita"
    ],
    "seo_title": "Show & Tours",
    "show_in_menus": true,
    "search_description": "mosquitone \u306e\u30e9\u30a4\u30d6\u60c5\u5831 (Show, Tour, Gigs Live) \u3067\u3059\u3002",
    "go_live_at": null,
    "expire_at": null,
    "expired": false,
    "locked": false,
    "first_published_at": "2019-08-09T16:35:13.809Z",
    "last_published_at": "2019-08-16T17:22:31.964Z",
    "latest_revision_created_at": "2019-08-16T17:22:31.903Z",
    "live_revision": 27
  }
},
{
  "model": "wagtailcore.page",
  "pk": 10,
  "fields": {
    "path": "000100020007",
    "depth": 3,
    "numchild": 0,
    "title": "About site",
    "draft_title": "About site",
    "slug": "site",
    "content_type": [
      "siteinfo",
      "siteinfopage"
    ],
    "live": true,
    "has_unpublished_changes": false,
    "url_path": "/home/site/",
    "owner": [
      "yyamashita"
    ],
    "seo_title": "About site",
    "show_in_menus": true,
    "search_description": "mosquitone \u516c\u5f0f\u30da\u30fc\u30b8 (www.mosquit.one) \u306e\u8aac\u660e\u3067\u3059\u3002",
    "go_live_at": null,
    "expire_at": null,
    "expired": false,
    "locked": false,
    "first_published_at": "2019-08-09T16:37:30.235Z",
    "last_published_at": "2019-08-16T17:24:28.390Z",
    "latest_revision_created_at": "2019-08-16T17:24:28.289Z",
    "live_revision": 31
  }
},
{
  "model": "wagtailcore.page",
  "pk": 11,
  "fields": {
    "path": "0001000200030001",
    "depth": 4,
    "numchild": 0,
    "title": "Demo#01",
    "draft_title": "Demo#01",
    "slug": "demo1",
    "content_type": [
      "music",
      "musicpage"
    ],
    "live": true,
    "has_unpublished_changes": false,
    "url_path": "/home/music/demo1/",
    "owner": [
      "yyamashita"
    ],
    "seo_title": "",
    "show_in_menus": false,
    "search_description": "",
    "go_live_at": null,
    "expire_at": null,
    "expired": false,
    "locked": false,
    "first_published_at": "2019-08-09T17:51:33.847Z",
    "last_published_at": "2019-09-04T07:00:50.900Z",
    "latest_revision_created_at": "2019-09-04T07:00:50.805Z",
    "live_revision": 82
  }
},
{
  "model": "wagtailcore.page",
  "pk": 12,
  "fields": {
    "path": "0001000200040001",
    "depth": 4,
    "numchild": 0,
    "title": "mosquitone \u516c\u5f0f\u30b5\u30a4\u30c8\u3092\u516c\u958b\u3057\u307e\u3057\u305f",
    "draft_title": "mosquitone \u516c\u5f0f\u30b5\u30a4\u30c8\u3092\u516c\u958b\u3057\u307e\u3057\u305f",
    "slug": "mosquitone-\u516c\u5f0f\u30b5\u30a4\u30c8\u3092\u516c\u958b\u3057\u307e\u3057\u305f",
    "content_type": [
      "news",
      "newspage"
    ],
    "live": true,
    "has_unpublished_changes": false,
    "url_path": "/home/news/mosquitone-\u516c\u5f0f\u30b5\u30a4\u30c8\u3092\u516c\u958b\u3057\u307e\u3057\u305f/",
    "owner": [
      "yyamashita"
    ],
    "seo_title": "",
    "show_in_menus": false,
    "search_description": "",
    "go_live_at": null,
    "expire_at": null,
    "expired": false,
    "locked": false,
    "first_published_at": "2019-08-09T17:57:22.638Z",
    "last_published_at": "2019-09-03T09:50:31.057Z",
    "latest_revision_created_at": "2019-09-03T09:50:31.013Z",
    "live_revision": 65
  }
},
{
  "model": "wagtailcore.page",
  "pk": 14,
  "fields": {
    "path": "0001000200040002",
    "depth": 4,
    "numchild": 0,
    "title": "\u30c7\u30e2\u97f3\u6e90\u300cdemo #01\u300d\u3092\u516c\u958b\u3057\u307e\u3057\u305f",
    "draft_title": "\u30c7\u30e2\u97f3\u6e90\u300cdemo #01\u300d\u3092\u516c\u958b\u3057\u307e\u3057\u305f",
    "slug": "\u30c7\u30e2\u97f3\u6e90demo-01\u3092\u516c\u958b\u3044\u305f\u3057\u307e\u3057\u305f",
    "content_type": [
      "news",
      "newspage"
    ],
    "live": true,
    "has_unpublished_changes": true,
    "url_path": "/home/news/\u30c7\u30e2\u97f3\u6e90demo-01\u3092\u516c\u958b\u3044\u305f\u3057\u307e\u3057\u305f/",
    "owner": [
      "yyamashita"
    ],
    "seo_title": "",
    "show_in_menus": false,
    "search_description": "",
    "go_live_at": null,
    "expire_at": null,
    "expired": false,
    "locked": false,
    "first_published_at": "2019-09-03T09:28:56.169Z",
    "last_published_at": "2019-09-03T10:16:39.497Z",
    "latest_revision_created_at": "2019-10-07T09:26:31.867Z",
    "live_revision": 73
  }
},
{
  "model": "wagtailcore.page",
  "pk": 16,
  "fields": {
    "path": "0001000200040003",
    "depth": 4,
    "numchild": 0,
    "title": "fluctuate@\u30d2\u30bd\u30df\u30cd\u5927\u5bae(09/14)\u306b\u51fa\u6f14\u3044\u305f\u3057\u307e\u3057\u305f",
    "draft_title": "fluctuate@\u30d2\u30bd\u30df\u30cd\u5927\u5bae(09/14)\u306b\u51fa\u6f14\u3044\u305f\u3057\u307e\u3057\u305f",
    "slug": "fluctuate\u30d2\u30bd\u30df\u30cd\u5927\u5bae0914\u306b\u51fa\u6f14\u3044\u305f\u3057\u307e\u3057\u305f",
    "content_type": [
      "news",
      "newspage"
    ],
    "live": true,
    "has_unpublished_changes": false,
    "url_path": "/home/news/fluctuate\u30d2\u30bd\u30df\u30cd\u5927\u5bae0914\u306b\u51fa\u6f14\u3044\u305f\u3057\u307e\u3057\u305f/",
    "owner": [
      "yyamashita"
    ],
    "seo_title": "",
    "show_in_menus": false,
    "search_description": "",
    "go_live_at": null,
    "expire_at": null,
    "expired": false,
    "locked": false,
    "first_published_at": "2019-11-15T11:06:46.142Z",
    "last_published_at": "2019-11-15T11:30:07.403Z",
    "latest_revision_created_at": "2019-11-15T11:30:07.307Z",
    "live_revision": 101
  }
},
{
  "model": "wagtailimages.image",
  "pk": 1,
  "fields": {
    "collection": 1,
    "title": "mosquitone.jpg",
    "file": "original_images/mosquitone.jpg",
    "width": 400,
    "height": 400,
    "created_at": "2019-08-09T16:31:57.426Z",
    "uploaded_by_user": [
      "yyamashita"
    ],
    "focal_point_x": null,
    "focal_point_y": null,
    "focal_point_width": null,
    "focal_point_height": null,
    "file_size": 44321,
    "file_hash": "96516e9bd15eceae4910cd92415aab83c45e44a2"
  }
},
{
  "model": "wagtailimages.image",
  "pk": 2,
  "fields": {
    "collection": 1,
    "title": "gentarou-image.jpg",
    "file": "original_images/gentarou.jpg",
    "width": 2727,
    "height": 2584,
    "created_at": "2019-08-09T17:01:24.779Z",
    "uploaded_by_user": [
      "yyamashita"
    ],
    "focal_point_x": null,
    "focal_point_y": null,
    "focal_point_width": null,
    "focal_point_height": null,
    "file_size": 1193115,
    "file_hash": "525bf04391221455a102e696d8af2334ba76ba59"
  }
},
{
  "model": "wagtailimages.image",
  "pk": 3,
  "fields": {
    "collection": 1,
    "title": "gentarou-avator.png",
    "file": "original_images/gentarou-icon.png",
    "width": 183,
    "height": 196,
    "created_at": "2019-08-09T17:02:15.187Z",
    "uploaded_by_user": [
      "yyamashita"
    ],
    "focal_point_x": null,
    "focal_point_y": null,
    "focal_point_width": null,
    "focal_point_height": null,
    "file_size": 67393,
    "file_hash": "dda56c8fab6f14a74d041d3f3aae81026217deb1"
  }
},
{
  "model": "wagtailimages.image",
  "pk": 4,
  "fields": {
    "collection": 1,
    "title": "miyazaki-image.jpg",
    "file": "original_images/miyazaki.jpg",
    "width": 700,
    "height": 710,
    "created_at": "2019-08-09T17:11:04.788Z",
    "uploaded_by_user": [
      "yyamashita"
    ],
    "focal_point_x": null,
    "focal_point_y": null,
    "focal_point_width": null,
    "focal_point_height": null,
    "file_size": 162274,
    "file_hash": "793a5a003a65a55c28dc9278e30e8034a33b810e"
  }
},
{
  "model": "wagtailimages.image",
  "pk": 5,
  "fields": {
    "collection": 1,
    "title": "miyazaki-avator.png",
    "file": "original_images/miyazaki-avator.png",
    "width": 182,
    "height": 198,
    "created_at": "2019-08-09T17:11:35.524Z",
    "uploaded_by_user": [
      "yyamashita"
    ],
    "focal_point_x": null,
    "focal_point_y": null,
    "focal_point_width": null,
    "focal_point_height": null,
    "file_size": 64466,
    "file_hash": "c79bc51cfe1ab6b00acdc70bbebfc7149db9105e"
  }
},
{
  "model": "wagtailimages.image",
  "pk": 6,
  "fields": {
    "collection": 1,
    "title": "chikara-image.gif",
    "file": "original_images/animated.GIF",
    "width": 320,
    "height": 320,
    "created_at": "2019-08-09T17:13:00.524Z",
    "uploaded_by_user": [
      "yyamashita"
    ],
    "focal_point_x": null,
    "focal_point_y": null,
    "focal_point_width": null,
    "focal_point_height": null,
    "file_size": 1108536,
    "file_hash": "d2c28f85829a56870968a0e6cce5ca6f0a9e9dc6"
  }
},
{
  "model": "wagtailimages.image",
  "pk": 7,
  "fields": {
    "collection": 1,
    "title": "chikara-avator.png",
    "file": "original_images/chikara-avator.png",
    "width": 195,
    "height": 181,
    "created_at": "2019-08-09T17:13:23.436Z",
    "uploaded_by_user": [
      "yyamashita"
    ],
    "focal_point_x": null,
    "focal_point_y": null,
    "focal_point_width": null,
    "focal_point_height": null,
    "file_size": 69389,
    "file_hash": "1ecad7f0f430bf7d769f099ee20bdfb02768e49c"
  }
},
{
  "model": "wagtailimages.image",
  "pk": 8,
  "fields": {
    "collection": 1,
    "title": "yamashita-image.png",
    "file": "original_images/yyamashita.png",
    "width": 800,
    "height": 800,
    "created_at": "2019-08-09T17:15:44.889Z",
    "uploaded_by_user": [
      "yyamashita"
    ],
    "focal_point_x": null,
    "focal_point_y": null,
    "focal_point_width": null,
    "focal_point_height": null,
    "file_size": 830941,
    "file_hash": "cef0e051702b19fc1fdbc3174cf96701a8189f15"
  }
},
{
  "model": "wagtailimages.image",
  "pk": 9,
  "fields": {
    "collection": 1,
    "title": "yamashita-avator.png",
    "file": "original_images/yamashita-avator.png",
    "width": 189,
    "height": 191,
    "created_at": "2019-08-09T17:16:06.916Z",
    "uploaded_by_user": [
      "yyamashita"
    ],
    "focal_point_x": null,
    "focal_point_y": null,
    "focal_point_width": null,
    "focal_point_height": null,
    "file_size": 73018,
    "file_hash": "80da66293b1ee2df5684118faa1c54fd76b888b9"
  }
},
{
  "model": "wagtailimages.image",
  "pk": 10,
  "fields": {
    "collection": 1,
    "title": "recording-artwork-placeholder.png",
    "file": "original_images/500x500.png",
    "width": 500,
    "height": 500,
    "created_at": "2019-08-09T17:50:59.445Z",
    "uploaded_by_user": [
      "yyamashita"
    ],
    "focal_point_x": null,
    "focal_point_y": null,
    "focal_point_width": null,
    "focal_point_height": null,
    "file_size": 1596,
    "file_hash": "28b93b3ef4eb70b0d1df9c2140b06059e5c811e9"
  }
},
{
  "model": "wagtailimages.image",
  "pk": 11,
  "fields": {
    "collection": 1,
    "title": "Summer-is-over.png",
    "file": "original_images/36BB1B2E-418D-48F0-B370-1D9FDB4FD90C.png",
    "width": 860,
    "height": 1020,
    "created_at": "2019-08-14T02:48:26.869Z",
    "uploaded_by_user": [
      "yyamashita"
    ],
    "focal_point_x": null,
    "focal_point_y": null,
    "focal_point_width": null,
    "focal_point_height": null,
    "file_size": 458755,
    "file_hash": "b3dfbb8ed02b0d979c1765a1debd761b65116b47"
  }
},
{
  "model": "wagtailimages.image",
  "pk": 12,
  "fields": {
    "collection": 1,
    "title": "mosquitone-kime.png",
    "file": "original_images/mosquitone.png",
    "width": 1200,
    "height": 600,
    "created_at": "2019-08-14T14:30:48.230Z",
    "uploaded_by_user": [
      "yyamashita"
    ],
    "focal_point_x": null,
    "focal_point_y": null,
    "focal_point_width": null,
    "focal_point_height": null,
    "file_size": 1185147,
    "file_hash": "03d0bb531ba97f363627e383c3c509f07faccf3c"
  }
},
{
  "model": "wagtailimages.image",
  "pk": 13,
  "fields": {
    "collection": 1,
    "title": "mosquitone-all.jpg",
    "file": "original_images/958F6640-5B32-4D87-9643-BAE131234DB3.jpeg",
    "width": 1536,
    "height": 1536,
    "created_at": "2019-08-14T14:31:57.249Z",
    "uploaded_by_user": [
      "yyamashita"
    ],
    "focal_point_x": 281,
    "focal_point_y": 315,
    "focal_point_width": 9,
    "focal_point_height": 439,
    "file_size": 346080,
    "file_hash": "cd193a59cb71ce90bec77a9bfe35202f2eed83f1"
  }
},
{
  "model": "wagtailimages.image",
  "pk": 14,
  "fields": {
    "collection": 1,
    "title": "mosquitone-show.jpg",
    "file": "original_images/B343A105-57CF-4F5F-82DD-EA7D4A394E2D.jpeg",
    "width": 1536,
    "height": 1536,
    "created_at": "2019-08-14T14:32:26.233Z",
    "uploaded_by_user": [
      "yyamashita"
    ],
    "focal_point_x": 1354,
    "focal_point_y": 388,
    "focal_point_width": 13,
    "focal_point_height": 638,
    "file_size": 346080,
    "file_hash": "cd193a59cb71ce90bec77a9bfe35202f2eed83f1"
  }
},
{
  "model": "wagtailimages.image",
  "pk": 15,
  "fields": {
    "collection": 1,
    "title": "mosquitone-watch-phone.png",
    "file": "original_images/DAD25ECC-C00A-4222-9BE4-65D665B9ECB1.jpeg",
    "width": 1536,
    "height": 1536,
    "created_at": "2019-08-14T14:33:14.706Z",
    "uploaded_by_user": [
      "yyamashita"
    ],
    "focal_point_x": null,
    "focal_point_y": null,
    "focal_point_width": null,
    "focal_point_height": null,
    "file_size": 346080,
    "file_hash": "cd193a59cb71ce90bec77a9bfe35202f2eed83f1"
  }
},
{
  "model": "wagtailimages.image",
  "pk": 16,
  "fields": {
    "collection": 1,
    "title": "gentarou.jpeg",
    "file": "original_images/E461104F-CED4-47C5-B068-1890CC3EA33D.jpeg",
    "width": 1440,
    "height": 810,
    "created_at": "2019-08-18T05:05:41.159Z",
    "uploaded_by_user": [
      "yyamashita"
    ],
    "focal_point_x": null,
    "focal_point_y": null,
    "focal_point_width": null,
    "focal_point_height": null,
    "file_size": 198768,
    "file_hash": "59f2308a1f50ea623e3c6e17e2a207eec06d899f"
  }
},
{
  "model": "wagtailimages.image",
  "pk": 17,
  "fields": {
    "collection": 1,
    "title": "IMG_0143.JPG",
    "file": "original_images/IMG_0143.JPG",
    "width": 1478,
    "height": 1108,
    "created_at": "2019-09-02T13:46:27.922Z",
    "uploaded_by_user": [
      "chikara"
    ],
    "focal_point_x": null,
    "focal_point_y": null,
    "focal_point_width": null,
    "focal_point_height": null,
    "file_size": 517066,
    "file_hash": "75f7b392fbc7dee2780dcfa7f24bc6d10bfe27b8"
  }
},
{
  "model": "wagtailimages.image",
  "pk": 18,
  "fields": {
    "collection": 1,
    "title": "IMG_0243.JPG",
    "file": "original_images/chikara.jpg",
    "width": 800,
    "height": 800,
    "created_at": "2019-09-02T13:51:08.212Z",
    "uploaded_by_user": [
      "chikara"
    ],
    "focal_point_x": 431,
    "focal_point_y": 338,
    "focal_point_width": 278,
    "focal_point_height": 272,
    "file_size": 140527,
    "file_hash": "b12e22eeefae605c341a2cba975a0d9973c15bc7"
  }
},
{
  "model": "wagtailimages.image",
  "pk": 19,
  "fields": {
    "collection": 1,
    "title": "mosquitone_demo1.jpg",
    "file": "original_images/Tu_.png",
    "width": 816,
    "height": 816,
    "created_at": "2019-09-02T14:13:06.509Z",
    "uploaded_by_user": [
      "yyamashita"
    ],
    "focal_point_x": null,
    "focal_point_y": null,
    "focal_point_width": null,
    "focal_point_height": null,
    "file_size": 1270029,
    "file_hash": "8fcacee669360846e99f9de1cd788bc66f50fcf5"
  }
},
{
  "model": "wagtailimages.image",
  "pk": 20,
  "fields": {
    "collection": 1,
    "title": "7E6E1F2B-6D77-4F45-B867-2C5BF479F89F.jpeg",
    "file": "original_images/7E6E1F2B-6D77-4F45-B867-2C5BF479F89F.jpeg",
    "width": 1152,
    "height": 2048,
    "created_at": "2019-09-03T03:49:45.787Z",
    "uploaded_by_user": [
      "gentarou"
    ],
    "focal_point_x": null,
    "focal_point_y": null,
    "focal_point_width": null,
    "focal_point_height": null,
    "file_size": 279791,
    "file_hash": "5d958e92190602ee1f484bb5da26202dd220e380"
  }
},
{
  "model": "wagtailimages.image",
  "pk": 21,
  "fields": {
    "collection": 1,
    "title": "30A8BE33-118A-4894-AE1F-A31A48DC2962.jpeg",
    "file": "original_images/30A8BE33-118A-4894-AE1F-A31A48DC2962.jpeg",
    "width": 1440,
    "height": 1440,
    "created_at": "2019-09-03T03:58:07.015Z",
    "uploaded_by_user": [
      "gentarou"
    ],
    "focal_point_x": null,
    "focal_point_y": null,
    "focal_point_width": null,
    "focal_point_height": null,
    "file_size": 271611,
    "file_hash": "fc66cfdc4c9cb77b1bc0084a0d17bdc2a90bd576"
  }
},
{
  "model": "wagtailimages.image",
  "pk": 22,
  "fields": {
    "collection": 1,
    "title": "official-site.png",
    "file": "original_images/Screen_Shot_2019-09-03_at_18.49.27.png",
    "width": 1624,
    "height": 1354,
    "created_at": "2019-09-03T09:50:08.572Z",
    "uploaded_by_user": [
      "yyamashita"
    ],
    "focal_point_x": null,
    "focal_point_y": null,
    "focal_point_width": null,
    "focal_point_height": null,
    "file_size": 132171,
    "file_hash": "d127e00e83ebd66507a7371bdbf1675a2f19ed58"
  }
},
{
  "model": "wagtailimages.image",
  "pk": 23,
  "fields": {
    "collection": 1,
    "title": "1CEE2FD3-5E98-47A6-B8DC-AB437FEECDAE.png",
    "file": "original_images/1CEE2FD3-5E98-47A6-B8DC-AB437FEECDAE.png",
    "width": 285,
    "height": 285,
    "created_at": "2019-09-03T10:13:11.692Z",
    "uploaded_by_user": [
      "gentarou"
    ],
    "focal_point_x": null,
    "focal_point_y": null,
    "focal_point_width": null,
    "focal_point_height": null,
    "file_size": 135177,
    "file_hash": "855331b6972f203710d21badc44090ad4f1aeb02"
  }
},
{
  "model": "wagtailimages.image",
  "pk": 24,
  "fields": {
    "collection": 1,
    "title": "demo-artwork-mini.png",
    "file": "original_images/Tu_.png",
    "width": 256,
    "height": 256,
    "created_at": "2019-09-03T10:16:25.060Z",
    "uploaded_by_user": [
      "yyamashita"
    ],
    "focal_point_x": null,
    "focal_point_y": null,
    "focal_point_width": null,
    "focal_point_height": null,
    "file_size": 100247,
    "file_hash": "9dde6edc605c73367ae0699fdadd94f098d1e226"
  }
},
{
  "model": "wagtailimages.image",
  "pk": 25,
  "fields": {
    "collection": 1,
    "title": "gentarou_at_fluctuate.jpeg",
    "file": "original_images/gentarou_at_fluctuate.jpeg",
    "width": 1200,
    "height": 900,
    "created_at": "2019-09-28T10:36:21.748Z",
    "uploaded_by_user": [
      "yyamashita"
    ],
    "focal_point_x": null,
    "focal_point_y": null,
    "focal_point_width": null,
    "focal_point_height": null,
    "file_size": 197885,
    "file_hash": "c864579eb4e0839929a0af356c033e2f6b663ca2"
  }
},
{
  "model": "wagtailimages.image",
  "pk": 26,
  "fields": {
    "collection": 1,
    "title": "live_at_fluctuate.jpeg",
    "file": "original_images/live_at_fluctuate.png",
    "width": 1192,
    "height": 805,
    "created_at": "2019-09-28T10:43:59.867Z",
    "uploaded_by_user": [
      "yyamashita"
    ],
    "focal_point_x": null,
    "focal_point_y": null,
    "focal_point_width": null,
    "focal_point_height": null,
    "file_size": 1183757,
    "file_hash": "68b101e8c2213d6a351e7e1ccf90ea0d12153f25"
  }
},
{
  "model": "wagtailimages.image",
  "pk": 27,
  "fields": {
    "collection": 1,
    "title": "demo01-card",
    "file": "original_images/IMG_0931.JPG",
    "width": 1276,
    "height": 957,
    "created_at": "2019-11-15T11:20:51.239Z",
    "uploaded_by_user": [
      "yyamashita"
    ],
    "focal_point_x": null,
    "focal_point_y": null,
    "focal_point_width": null,
    "focal_point_height": null,
    "file_size": 80059,
    "file_hash": "ca38524dae560a9a50625c13109e0c5d8236ed78"
  }
},
{
  "model": "wagtailusers.userprofile",
  "pk": 1,
  "fields": {
    "user": [
      "yyamashita"
    ],
    "submitted_notifications": true,
    "approved_notifications": true,
    "rejected_notifications": true,
    "preferred_language": "jp",
    "current_time_zone": "Asia/Tokyo",
    "avatar": ""
  }
},
{
  "model": "wagtailusers.userprofile",
  "pk": 2,
  "fields": {
    "user": [
      "chikara"
    ],
    "submitted_notifications": true,
    "approved_notifications": true,
    "rejected_notifications": true,
    "preferred_language": "",
    "current_time_zone": "",
    "avatar": ""
  }
},
{
  "model": "siteinfo.siteinfopage",
  "pk": 10,
  "fields": {}
},
{
  "model": "tours.showindexpage",
  "pk": 9,
  "fields": {
    "background_image": 14
  }
},
{
  "model": "sitemap.sitemappage",
  "pk": 8,
  "fields": {}
},
{
  "model": "music.musicpage",
  "pk": 11,
  "fields": {
    "release_date": "2019-09-01",
    "copy": "First demo",
    "description": "<p>mosquitone \u3068\u3057\u3066\u521d\u306e\u30c7\u30e2\u97f3\u6e90\u3067\u3059\u3002<br/>\u540c\u3058\u304f mosquitone \u3068\u3057\u3066\u6700\u521d\u306e\u30aa\u30ea\u30b8\u30ca\u30eb\u697d\u66f2</p><p>\u300cKeep going forward\u300d,\u300cMy sadness \u300d\u306e\uff12\u66f2\u3092\u53ce\u9332\u3002<br/><a href=\"http://mosquitone.bandcamp.com/album/demo-01\">bandcamp</a> \u3067\u30a2\u30eb\u30d0\u30e0\u8996\u8074\uff06\u30c0\u30a6\u30f3\u30ed\u30fc\u30c9\u306e\u4ed6\u3001youtube \u3067\u30ec\u30b3\u30fc\u30c7\u30a3\u30f3\u30b0\u98a8\u666f\u3092\u53ce\u3081\u305f</p><p><a href=\"https://youtu.be/IDVYa-05hgM\">\u300cMy sadness\u300dMV</a>\u3092\u8996\u8074\u3044\u305f\u3060\u3051\u307e\u3059\uff01</p>",
    "artwork": 19,
    "bandcamp_album_url": "http://mosquitone.bandcamp.com/album/demo-01",
    "bandcamp_player_url": "https://bandcamp.com/EmbeddedPlayer/album=3118256726/size=large/bgcol=ffffff/linkcol=0687f5/artwork=none/tracklist=true/transparent=true/",
    "youtube_url": "https://youtu.be/IDVYa-05hgM"
  }
},
{
  "model": "music.musicindexpage",
  "pk": 6,
  "fields": {
    "intro": ""
  }
},
{
  "model": "home.homepage",
  "pk": 3,
  "fields": {
    "body": "",
    "background_image": 12,
    "primary_button_link": 11,
    "primary_button_text": "Listen our first demo!",
    "secondary_button_link": 9,
    "secondary_button_text": "Check our upcoming show!"
  }
},
{
  "model": "contact.contactpage",
  "pk": 5,
  "fields": {
    "main_image": 16
  }
},
{
  "model": "news.newspage",
  "pk": 12,
  "fields": {
    "date": "2019-09-02",
    "intro": "\u3053\u306e\u5ea6 mosquitone \u304c\u516c\u5f0f\u30b5\u30a4\u30c8\u3092\u516c\u958b\u3057\u307e\u3057\u305f\u3053\u3068\u3092\u304a\u77e5\u3089\u305b\u3044\u305f\u3057\u307e\u3059\u3002",
    "body": "<p>\u3053\u306e\u5ea6 mosquitone \u304c <a id=\"3\" linktype=\"page\">\u516c\u5f0f\u30b5\u30a4\u30c8</a> \u3092\u516c\u958b\u3057\u307e\u3057\u305f\u3002</p><p>\u3053\u306e\u30b5\u30a4\u30c8\u306f <a id=\"9\" linktype=\"page\">\u30e9\u30a4\u30d6\u60c5\u5831</a> \u3084 <a id=\"6\" linktype=\"page\">\u97f3\u6e90</a> \u306a\u3069\u3001mosquitone \u306e\u69d8\u3005\u306a\u6d3b\u52d5\u30fb\u60c5\u5831\u3092\u767a\u4fe1\u3059\u308b\u30dd\u30fc\u30bf\u30eb\u3067\u3059\u3002</p><p>\u4eca\u307e\u3067\u60c5\u5831\u3092\u767a\u4fe1\u3057\u3066\u304d\u307e\u3057\u305f <a id=\"5\" linktype=\"page\">SNS</a> \b\u3082\u3001\u4eca\u5ea6\u3068\u3082\u66f4\u65b0\u3057\u3066\u53c2\u308a\u307e\u3059\u306e\u3067\u3001<br/>\u305d\u3061\u3089\u3082\u4f75\u305b\u3066\u3001\u3054\u53c2\u7167\u304f\u3060\u3055\u3044\u307e\u305b\u3002</p><p>\u5f15\u304d\u7d9a\u304d\u3001\u3088\u308d\u3057\u304f\u304a\u9858\u3044\u3044\u305f\u3057\u307e\u3059\u3002</p>",
    "author": null,
    "categories": []
  }
},
{
  "model": "news.newspage",
  "pk": 14,
  "fields": {
    "date": "2019-09-03",
    "intro": "\u3053\u306e\u5ea6 mosquitone \u304c\u521d\u306e\u30c7\u30e2\u97f3\u6e90\u300cdemo #01\u300d\u3092\u516c\u958b\u3057\u307e\u3057\u305f\u3053\u3068\u3092\u304a\u77e5\u3089\u305b\u3044\u305f\u3057\u307e\u3059\u3002",
    "body": "<p>\u3053\u3093\u306b\u3061\u306f\u3002mosquitone \u3067\u3059\u3002</p><p>\u3053\u306e\u5ea6\u3001mosquitone \u304c\u521d\u306e\u30c7\u30e2\u97f3\u6e90\u3068\u306a\u308b\u300c<a id=\"11\" linktype=\"page\">demo#01</a>\u300d\u3092\u516c\u958b\u3044\u305f\u3057\u307e\u3057\u305f\u3002</p><p><a id=\"11\" linktype=\"page\">\u672c\u30b5\u30a4\u30c8\u300cmusic\u300d\u30da\u30fc\u30b8</a>\u3067 \u672c\u97f3\u6e90\u3092\u8996\u8074\u3044\u305f\u3060\u3051\u307e\u3059\u3002<br/>\u662f\u975e\u3054\u8996\u8074\u304f\u3060\u3055\u3044\uff01</p><p></p><embed alt=\"demo-artwork-mini.png\" embedtype=\"image\" format=\"fullwidth\" id=\"24\"/><p></p><p>\u307e\u305f\u3001<a href=\"https://www.youtube.com/channel/UCkGHjxTGURpNC6kCpwscKyg?view_as=subscriber\">Youtube \u516c\u5f0f\u30c1\u30e3\u30f3\u30cd\u30eb</a> \u3067\u3001 <a href=\"https://youtu.be/IDVYa-05hgM\">My sadness MV</a> \u3068\u3057\u3066\u3001\u672c\u97f3\u6e90\u53ce\u9332\u306e\u69d8\u5b50\u3092\u3054\u8996\u8074\u3044\u305f\u3060\u3051\u307e\u3059\uff01(\u30a8\u30e2\u3044\u306a\u3041\uff01)</p><p><br/>\u662f\u975e\u3001\u4f75\u305b\u3066\u3053\u3061\u3089\u3082\u3054\u8996\u8074\u304f\u3060\u3055\u3044\u307e\u305b\u3002</p><embed embedtype=\"media\" url=\"https://youtu.be/IDVYa-05hgM\"/><p></p><p>\u4eca\u5f8c\u3068\u3082 mosquitone \u3092\u5f15\u304d\u7d9a\u304d\u3088\u308d\u3057\u304f\u304a\u9858\u3044\u3044\u305f\u3057\u307e\u3059\u3002</p><p></p>",
    "author": null,
    "categories": []
  }
},
{
  "model": "news.newspage",
  "pk": 16,
  "fields": {
    "date": "2019-09-15",
    "intro": "\u3053\u306e\u5ea6 mosquitone \u304cfluctuate@\u30d2\u30bd\u30df\u30cd\u5927\u5bae(09/14)\u306b\u51fa\u6f14\u3044\u305f\u3057\u307e\u3057\u305f\u3053\u3068\u3092\u304a\u77e5\u3089\u305b\u3044\u305f\u3057\u307e\u3059\u3002",
    "body": "<p>\u3053\u3093\u306b\u3061\u306f\u3001 mosquitone \u3067\u3059\u3002</p><p>\u3053\u306e\u5ea6 09/14(\u571f) \u306b mosquitone \u306f\u3001\u5927\u5bae\u30d2\u30bd\u30df\u30cd\u69d8\u4e3b\u50ac\u30d6\u30c3\u30ad\u30f3\u30b0\u30e9\u30a4\u30d6 <a href=\"http://hisomine.com/schedules/view/2681\">fluctuate</a> \u306b\u51fa\u6f14\u3044\u305f\u3057\u307e\u3057\u305f\uff01</p><p>\u521d\u306e\u57fc\u7389\u3067\u306e\u30e9\u30a4\u30d6\u3068\u3044\u3046\u3053\u3068\u3082\u3042\u308a\u3001\u30e1\u30f3\u30d0\u30fc\u5171\u3005\u7dca\u5f35\u3068\u8208\u596e\u3001\u6c17\u5408\u3092\b\u8fbc\u3081\u305f\u6f14\u594f\u3068\u306a\u308a\u307e\u3057\u305f\u3002<br/></p><embed alt=\"\u6f14\u594f\u306e\u69d8\u5b50\" embedtype=\"image\" format=\"fullwidth\" id=\"26\"/><p></p><p>\u307e\u305f\u3001\u51fa\u6f14\u3055\u308c\u307e\u3057\u305f\u3001\u30d0\u30f3\u30c9\u306e\u7686\u69d8\u306e\u30ab\u30c3\u30b3\u3044\u3044\u66f2\u00b7\u30d1\u30d5\u30a9\u30fc\u30de\u30f3\u30b9\u3092\u9593\u8fd1\u3067\u898b\u3066\u3001\u6211\u3005\u81ea\u8eab\u3001\u30e9\u30a4\u30d6\u3092\u697d\u3057\u3080\u3068\u3068\u3082\u306b\u3001\u30d0\u30f3\u30c9\u3068\u3057\u3066\u52c9\u5f37\u306b\u306a\u308b\u3053\u3068\u3070\u304b\u308a\u3067\u3057\u305f\u3002</p><p></p><embed alt=\"\u540d\u523a\u4ee3\u308f\u308a\u306e\u30ab\u30fc\u30c9\" embedtype=\"image\" format=\"fullwidth\" id=\"27\"/><p>(\u540d\u523a\u4ee3\u308f\u308a\u306b\u4f5c\u6210\u3057\u305f\u30df\u30cb\u30d5\u30e9\u30a4\u30e4\u30fc)</p><p></p><p>\u3055\u3089\u306b\u51fa\u6f14\u5f8c\u306b\u3001\u30b9\u30bf\u30c3\u30d5\u69d8\u3001\u51fa\u6f14\u3055\u308c\u305f\u30d0\u30f3\u30c9\u306e\u7686\u69d8\u306b\u3001<br/> \u6e29\u304b\u3044\u8a00\u8449\u3092\u9802\u304d\u307e\u3057\u3066\u3001\u6211\u3005\u306e\u3084\u3063\u3066\u304d\u305f\u3053\u3068\u304c\u8a8d\u3081\u3066\u3044\u305f\u3060\u3051\u305f\u3088\u3046\u306a\u6c17\u6301\u3061\u306b\u306a\u308a\u3001\u3064\u304f\u3065\u304f\u30d0\u30f3\u30c9\u3092\u3084\u3063\u3066\u3044\u3066\u3088\u304b\u3063\u305f\u306a\u3041\u3068\u6539\u3081\u3066\u601d\u3044\u307e\u3059\u3002</p><p>\u3053\u306e\u5834\u3092\u304a\u501f\u308a\u3057\u3066\u95a2\u4fc2\u8005\u7686\u69d8\u3078\u306e\u304a\u793c\u7533\u3057\u4e0a\u3052\u307e\u3059\u3002\u672c\u5f53\u306b\u3042\u308a\u304c\u3068\u3046\u3054\u3056\u3044\u307e\u3057\u305f\u3002</p><p></p><p>\u3044\u3084\u3041\u30d0\u30f3\u30c9\u3063\u3066\u672c\u5f53\u306b\u3044\u3044\u3082\u3093\u3067\u3059\u306d\uff01</p><p></p><p>\u3057\u304b\u3057\u4e00\u3064\u3001\u5931\u6557\u3057\u3066\u3057\u307e\u3063\u305f\u70b9\u306f\u3001<br/> \u672c\u8a18\u4e8b\u306b\u6dfb\u4ed8\u3059\u308b\u3064\u3082\u308a\u3060\u3063\u305f\u96c6\u5408\u5199\u771f\u3092\u64ae\u5f71\u3059\u308b\u306e\u3092\u5fd8\u308c\u3066\u3057\u307e\u3063\u305f\u3053\u3068<b>\u2026</b></p><p>\u305d\u308c\u304f\u3089\u3044\u5922\u4e2d\u306b\u306a\u3063\u3066\u697d\u3057\u3093\u3067\u3044\u305f<b>\u2026</b>\u3068\u3044\u3046\u308f\u3051\u3067\u4ee3\u308f\u308a\u306b\u5f53\u65e5\u64ae\u5f71\u3057\u305f\u30ea\u30fc\u30c0\u30fc\u306e\u5199\u771f(Tweet)\u3092\u6dfb\u4ed8\u3044\u305f\u3057\u307e\u3059\u3002</p><embed embedtype=\"media\" url=\"https://twitter.com/mosquitone_info/status/1172905325252341763\"/><p>\u3046\u30fc\u3093\u72b6\u6cc1\u304c\u4f1d\u308f\u3089\u306a\u3044\u6c17\u304c<b>\u2026</b>\u6b21\u56de\u30e9\u30a4\u30d6\u3067\u306f\u5fd8\u308c\u306a\u3044\u3088\u3046\u306b\u3057\u3088\u3046<b>\u2026</b></p><p></p><p>\u3055\u3066\u3001\u30a4\u30d9\u30f3\u30c8\u3092\u5168\u8eab\u5168\u970a\u3067\u697d\u3057\u3093\u3060<b> mosquitone</b> \u3067\u3059\u304c\u3001<br/> \u306a\u3093\u3068\uff01\u540c\u3058\u304f\u30d2\u30bd\u30df\u30cd\u69d8\u4e3b\u50ac<b>\u30d6\u30c3\u30ad\u30f3\u30b0\u30a4\u30d9\u30f3\u30c8\u300c</b><a href=\"http://hisomine.com/schedules/view/2764\"><b>exhibit(12/21)</b></a><b>\u300d\u3078\u306e\u51fa\u6f14\u304c\u6c7a\u5b9a</b>\u3057\u307e\u3057\u305f\uff01</p><p>\u3088\u308a\u3001\u9032\u5316\u3057\u305f<b> mosquitone</b> \u3092\u518d\u3073\u304a\u697d\u3057\u307f\u304f\u3060\u3055\u3044\uff01\uff01</p><p><br/>\u30c1\u30b1\u30c3\u30c8\u306e\u524d\u58f2\u308a\u306f <a id=\"5\" linktype=\"page\">Contact</a> \u30da\u30fc\u30b8\u304b\u3089\u30e1\u30fc\u30eb\u00b7\u30fb\u5404\u7a2e<b>SNS</b>\u3092\u53c2\u7167\u306e\u4e0a\u3054\u9023\u7d61\u304a\u9858\u3044\u3044\u305f\u3057\u307e\u3059\uff01<br/></p><p>\u672c\u30a4\u30d9\u30f3\u30c8\u542b\u3081\u3001\u30e9\u30a4\u30d6\u60c5\u5831\u306f <a id=\"9\" linktype=\"page\">Shows</a> \u304b\u3089\u53c2\u7167\u3044\u305f\u3060\u3051\u307e\u3059\uff01<br/></p><p>\u4ee5\u4e0a\u3001\u5f15\u304d\u7d9a\u304d\u3088\u308d\u3057\u304f\u304a\u9858\u3044\u3044\u305f\u3057\u307e\u3059\u3002</p>",
    "author": null,
    "categories": []
  }
},
{
  "model": "news.newsindexpage",
  "pk": 7,
  "fields": {
    "intro": "",
    "background_image": 15
  }
},
{
  "model": "about.aboutpage",
  "pk": 4,
  "fields": {
    "intro": "<p>mosquitone (\u3082\u3059\u304d\u30fc\u3068\u30fc\u3093)\u306f\u6771\u4eac\u767a\u306e\u30a8\u30e2\u30d0\u30f3\u30c9\u3067\u3059\u3002</p><p>\u300cKeep going forward\u300d\u3092\u30c6\u30fc\u30de\u306b\u90fd\u5185\u3067\u7cbe\u529b\u7684\u306b\u6d3b\u52d5\u3057\u3066\u3044\u307e\u3059\u3002</p><p><a id=\"9\" linktype=\"page\">\u30e9\u30a4\u30d6</a>\u3078\u306e\u51fa\u6f14\u4f9d\u983c\u306a\u3069\u3001\u304a\u554f\u3044\u5408\u308f\u305b\u306f <a id=\"5\" linktype=\"page\">Contact</a> \u304b\u3089\u3088\u308d\u3057\u304f\u304a\u9858\u3044\u3044\u305f\u3057\u307e\u3059\uff01</p>",
    "english_history": "",
    "japanese_history": "",
    "main_image": 1,
    "background_image": 13
  }
}
]
